회사명,직무명,링크
㈔경기도외투기업협의회,2024 하반기 인터코스코리아 채용,https://www.jobkorea.co.kr/Recruit/GI_Read/45301219?rPageCode=SL&logpath=21&sn=6
현대오일뱅크㈜,[HD현대이앤에프] 생산전문직 경력사원 채용,https://www.jobkorea.co.kr/Recruit/GI_Read/45293926?rPageCode=SL&logpath=21&sn=6
현대오일뱅크㈜,ePTFE 분리막 생산 계약직 채용,https://www.jobkorea.co.kr/Recruit/GI_Read/45293849?rPageCode=SL&logpath=21&sn=6
㈜토비스,㈜토비스 2024년 하반기 신입·경력 채용,https://www.jobkorea.co.kr/Recruit/GI_Read/45287185?rPageCode=SL&logpath=21&sn=6
스템코㈜,스템코㈜ 8월 사무ㆍ기술직 신입/경력 채용 (재경/설계/개발),https://www.jobkorea.co.kr/Recruit/GI_Read/45271096?rPageCode=SL&logpath=21&sn=6
로지스올그룹,로지스올 경력사원 채용,https://www.jobkorea.co.kr/Recruit/GI_Read/45261820?rPageCode=SL&logpath=21&sn=6
로지스올그룹,로지스올시스템즈 신입/경력사원 채용 (IT시스템 개발),https://www.jobkorea.co.kr/Recruit/GI_Read/45261808?rPageCode=SL&logpath=21&sn=6
현대건설,현대건설 연구개발 (R&D) 분야 경력 연구원 채용,https://www.jobkorea.co.kr/Recruit/GI_Read/45259389?rPageCode=SL&logpath=21&sn=6
케이지모빌리티㈜,2024년 KG모빌리티㈜ 경력/계약직 채용,https://www.jobkorea.co.kr/Recruit/GI_Read/45205515?rPageCode=SL&logpath=21&sn=6
㈜신진금고,기구설계 개발팀 모집 (판금금형 설계자 우대.공장장급),https://www.jobkorea.co.kr/Recruit/GI_Read/45287285?rPageCode=SL&logpath=21&sn=6
㈜금강주택,㈜금강주택 경력직원 모집,https://www.jobkorea.co.kr/Recruit/GI_Read/45291729?rPageCode=SL&logpath=21&sn=6
㈜나인벨,"[복지우수] 자동화장비 기구설계 , 전장설계 경력직 채용 (설계엔지니어)",https://www.jobkorea.co.kr/Recruit/GI_Read/45220890?rPageCode=SL&logpath=21&sn=6
㈜켐트로닉스,㈜켐트로닉스 화학계열사업부 디스플레이부문 Office 엔지니어/주간 Office 경력직 채용,https://www.jobkorea.co.kr/Recruit/GI_Read/45296895?rPageCode=SL&logpath=21&sn=6
㈜토드박스,[LX Z:IN 목동점] 주거 인테리어 현장관리 소장 채용,https://www.jobkorea.co.kr/Recruit/GI_Read/45295315?rPageCode=SL&logpath=21&sn=6
㈜알펜시아,알펜시아리조트 신입ㆍ경력직원 채용공고,https://www.jobkorea.co.kr/Recruit/GI_Read/45263126?rPageCode=SL&logpath=21&sn=6
훼브레 트랜스포트 코리아 유한회사,[훼브레 트랜스포트 코리아(유)]Sales engineer position 채용,https://www.jobkorea.co.kr/Recruit/GI_Read/45291134?rPageCode=SL&logpath=21&sn=6
㈜우진플라임,(주)우진플라임 부문별 인재채용,https://www.jobkorea.co.kr/Recruit/GI_Read/45255227?rPageCode=SL&logpath=21&sn=6
쿼드스페이스㈜,쿼드스페이스 인테리어 시공팀 / 설계팀 / 공무팀 채용,https://www.jobkorea.co.kr/Recruit/GI_Read/45130714?rPageCode=SL&logpath=21&sn=6
㈜트라코월드,기구개발 연구원 채용공고,https://www.jobkorea.co.kr/Recruit/GI_Read/45308314?rPageCode=SL&logpath=21&sn=6
대아티아이㈜,[상장사] 구로 철도교통관제센터 열차집중제어장치 시험직 채용,https://www.jobkorea.co.kr/Recruit/GI_Read/45309618?rPageCode=SL&logpath=21&sn=6
대아티아이㈜,[상장사] 대전 철도교통예비관제실 열차집중제어장치 시험직 채용,https://www.jobkorea.co.kr/Recruit/GI_Read/45309705?rPageCode=SL&logpath=21&sn=6
㈜이노액티브,BIM 기술지원 및 기술영업 모집,https://www.jobkorea.co.kr/Recruit/GI_Read/45310001?rPageCode=SL&logpath=21&sn=6
㈜에코비트워터,㈜에코비트워터 2024년 사업소 인력 채용,https://www.jobkorea.co.kr/Recruit/GI_Read/45309380?rPageCode=SL&logpath=21&sn=6
㈜파리크라상,"[정착지원금, 입사장학금 지급]파리크라상 정규직 모집(생산/단순노무/검수/업무지원/공무)",https://www.jobkorea.co.kr/Recruit/GI_Read/45300014?rPageCode=SL&logpath=21&sn=6
엠디아이코리아㈜,[아산] 제조기술팀 제조기술1 신입,https://www.jobkorea.co.kr/Recruit/GI_Read/45300942?rPageCode=SL&logpath=21&sn=6
엠디아이코리아㈜,"메카설계 팀장(수석급, 경력 15년 내외)",https://www.jobkorea.co.kr/Recruit/GI_Read/45300143?rPageCode=SL&logpath=21&sn=6
엠디아이코리아㈜,메카설계 경력(사원-선입급),https://www.jobkorea.co.kr/Recruit/GI_Read/45300238?rPageCode=SL&logpath=21&sn=6
브이엠에스솔루션스,[브이엠에스솔루션스] 2024년 각부문별 채용,https://www.jobkorea.co.kr/Recruit/GI_Read/45303317?rPageCode=SL&logpath=21&sn=6
한국공항㈜,한국공항(주) 분야별 신입/경력 사원 모집 (인천/부산/제주),https://www.jobkorea.co.kr/Recruit/GI_Read/45286153?rPageCode=SL&logpath=21&sn=6
㈜태안모터스,Audi ㈜태안모터스 '아우디 공식 딜러사' 각 부문 정규직 채용,https://www.jobkorea.co.kr/Recruit/GI_Read/45306034?rPageCode=SL&logpath=21&sn=6
현영기업,현대중공업內 선박엔진조립1부 경력/신입 현영기업 채용,https://www.jobkorea.co.kr/Recruit/GI_Read/45300968?rPageCode=SL&logpath=21&sn=6
㈜아이오테크,(주) IO TECH 전기회로 설계 및 품질인증 선임연구원 채용 공고,https://www.jobkorea.co.kr/Recruit/GI_Read/45302401?rPageCode=SL&logpath=21&sn=6
㈜효창기계,"PLC, 전기 자동제어 직원 및 자동화 기계설계 직원 정규직 채용",https://www.jobkorea.co.kr/Recruit/GI_Read/45299399?rPageCode=SL&logpath=21&sn=6
제이엔케이티,기술연구소 직원 급구 구함 (기계공학 기술자 및 연구원),https://www.jobkorea.co.kr/Recruit/GI_Read/45300624?rPageCode=SL&logpath=21&sn=6
㈜넥슨스페이스,사내 기계설비 운영 담당자 채용,https://www.jobkorea.co.kr/Recruit/GI_Read/45303862?rPageCode=SL&logpath=21&sn=6
㈜엠플러스,㈜엠플러스 하반기 부문별 채용,https://www.jobkorea.co.kr/Recruit/GI_Read/45300843?rPageCode=SL&logpath=21&sn=6
동보테크,2024년 부문별 채용 (자동차부품 생산/개발/기술/산업기능요원/품질관리/구매/자재/현장조/반장),https://www.jobkorea.co.kr/Recruit/GI_Read/45296978?rPageCode=SL&logpath=21&sn=6
㈜넥슨스페이스,사내 인테리어 담당자 채용,https://www.jobkorea.co.kr/Recruit/GI_Read/45303789?rPageCode=SL&logpath=21&sn=6
바임글로벌㈜,쥬베룩(의료기기) 해외영업/해외마케팅/IT/물류 경력 채용,https://www.jobkorea.co.kr/Recruit/GI_Read/45296291?rPageCode=SL&logpath=21&sn=6
㈜엔피엑스,"(주)엔피엑스 S/W팀, 전자보드제작팀, 기계제작팀 모집 (정규직)",https://www.jobkorea.co.kr/Recruit/GI_Read/45286682?rPageCode=SL&logpath=21&sn=6
두양건축㈜,2024 하반기 정규직 및 계약직 채용,https://www.jobkorea.co.kr/Recruit/GI_Read/45285573?rPageCode=SL&logpath=21&sn=6
㈜네오하이테크,전기 전자 자동화라인 자동제어,https://www.jobkorea.co.kr/Recruit/GI_Read/45293749?rPageCode=SL&logpath=21&sn=6
㈜동우팜투테이블,㈜동우팜투테이블 기술직 정규직 모집(신입/경력),https://www.jobkorea.co.kr/Recruit/GI_Read/45290228?rPageCode=SL&logpath=21&sn=6
㈜한국피앤피,고객사 PC 및 전산장비 유지보수 직원 모집,https://www.jobkorea.co.kr/Recruit/GI_Read/45294510?rPageCode=SL&logpath=21&sn=6
㈜화진티엔아이,[국가재난방재] 2024 설치운영 및 Iot 펌웨어 부문별 정규직 채용,https://www.jobkorea.co.kr/Recruit/GI_Read/45286030?rPageCode=SL&logpath=21&sn=6
혁진시스템,"레이저/NCT, CAD/CAM 모집",https://www.jobkorea.co.kr/Recruit/GI_Read/45291102?rPageCode=SL&logpath=21&sn=6
㈜한스웰,하드웨어 생산관리 및 외주업체관리,https://www.jobkorea.co.kr/Recruit/GI_Read/45290822?rPageCode=SL&logpath=21&sn=6
은민에스엔디,각 부문별 경력직 채용,https://www.jobkorea.co.kr/Recruit/GI_Read/45296349?rPageCode=SL&logpath=21&sn=6
㈜툴스피아,2024년 각 부문 채용[패키지디자인/무역부/물류관리/영업부],https://www.jobkorea.co.kr/Recruit/GI_Read/45291508?rPageCode=SL&logpath=21&sn=6
플랜식스(PLAN6),인테리어 실내건축 설계 신입 및 경력직원 모집,https://www.jobkorea.co.kr/Recruit/GI_Read/45291746?rPageCode=SL&logpath=21&sn=6
㈜하이비젼시스템,PC BASE 제어 엔지니어 경력직 채용,https://www.jobkorea.co.kr/Recruit/GI_Read/45279780?rPageCode=SL&logpath=21&sn=6
㈜하이비젼시스템,자동화설비/기구설계 경력직 모집(정규직),https://www.jobkorea.co.kr/Recruit/GI_Read/45279736?rPageCode=SL&logpath=21&sn=6
㈜아이센스,㈜아이센스 2024년 신입/경력 수시채용,https://www.jobkorea.co.kr/Recruit/GI_Read/45269672?rPageCode=SL&logpath=21&sn=6
㈜포스코인터내셔널,[포스코인터내셔널] 2024년 전문기술직 신입사원 모집,https://www.jobkorea.co.kr/Recruit/GI_Read/45270435?rPageCode=SL&logpath=21&sn=6
에스케이티엔에스,SK TNS 2024년 하반기 전환형 인턴,https://www.jobkorea.co.kr/Recruit/GI_Read/45239177?rPageCode=SL&logpath=21&sn=6
한국지역난방기술,한국지역난방기술㈜ 2024년도 공정관리 인력 공개채용,https://www.jobkorea.co.kr/Recruit/GI_Read/45280423?rPageCode=SL&logpath=21&sn=6
엠디아이코리아㈜,[MDI KOREA] 하반기 전사 채용,https://www.jobkorea.co.kr/Recruit/GI_Read/45263635?rPageCode=SL&logpath=21&sn=6
㈜진흥테크,CNC 벤딩머신 운용자 채용-성별무관,https://www.jobkorea.co.kr/Recruit/GI_Read/45286840?rPageCode=SL&logpath=21&sn=6
㈜디엔에스코리아,2024년 하반기 해외 영업 및 설계시공 엔지니어 담당자 모집,https://www.jobkorea.co.kr/Recruit/GI_Read/45285864?rPageCode=SL&logpath=21&sn=6
㈜디자인청춘,인테리어 회사 설계팀 과장급 모집,https://www.jobkorea.co.kr/Recruit/GI_Read/45284154?rPageCode=SL&logpath=21&sn=6
신영측기㈜,2024년 신영측기(주) A/S 수리기사 정규직 모집,https://www.jobkorea.co.kr/Recruit/GI_Read/45287639?rPageCode=SL&logpath=21&sn=6
㈜에이세스,자동화 설비 조립 및 PLC 프로그램 직 사원을 모집 합니다,https://www.jobkorea.co.kr/Recruit/GI_Read/45279186?rPageCode=SL&logpath=21&sn=6
㈜지인테크,[CCTV 유통사업부 영업/조달우수제품 영업/조달우수제품 설계] 경력 및 신입 직원 채용,https://www.jobkorea.co.kr/Recruit/GI_Read/45273719?rPageCode=SL&logpath=21&sn=6
우영산업㈜,밀링/선반/조립팀 채용,https://www.jobkorea.co.kr/Recruit/GI_Read/45279799?rPageCode=SL&logpath=21&sn=6
㈜이티에이,PLC 프로그램 및 현장 시운전 직원 모집,https://www.jobkorea.co.kr/Recruit/GI_Read/45282340?rPageCode=SL&logpath=21&sn=6
우영에이디에스,[신입/경력] 정비기사 A/S 직원 모집,https://www.jobkorea.co.kr/Recruit/GI_Read/45282136?rPageCode=SL&logpath=21&sn=6
㈜ 옥산석물,"[김제] 자재구매/ 생산실적/ 공무(기계수리, 정비)/ 석재생산직- 상시채용",https://www.jobkorea.co.kr/Recruit/GI_Read/45284714?rPageCode=SL&logpath=21&sn=6
(주)알텍테크놀로지스,(주)알텍 각 부문 신입 및 경력 모집,https://www.jobkorea.co.kr/Recruit/GI_Read/45269797?rPageCode=SL&logpath=21&sn=6
㈜신동영,(주)신동영 생산 / 운전기사 채용,https://www.jobkorea.co.kr/Recruit/GI_Read/45271426?rPageCode=SL&logpath=21&sn=6
㈜엠제이텍,[기숙사 지원] 각 분야별 채용[영업관리/금형관리/자재관리/공무직],https://www.jobkorea.co.kr/Recruit/GI_Read/45280612?rPageCode=SL&logpath=21&sn=6
㈜인디자인,[인디자인] 본사 (공사부/실시설계/견적/공무/발주)직원 채용 모집,https://www.jobkorea.co.kr/Recruit/GI_Read/45284210?rPageCode=SL&logpath=21&sn=6
㈜백조씽크,㈜백조씽크[서울/음성] 각 분야별 직원 채용,https://www.jobkorea.co.kr/Recruit/GI_Read/45268807?rPageCode=SL&logpath=21&sn=6
㈜듀어코리아,Mechanical Engineer 채용,https://www.jobkorea.co.kr/Recruit/GI_Read/45270554?rPageCode=SL&logpath=21&sn=6
어보브반도체㈜,Automotive MCU Engineer,https://www.jobkorea.co.kr/Recruit/GI_Read/45267898?rPageCode=SL&logpath=21&sn=6
동국제약㈜,동국제약 신입/경력 사원 채용,https://www.jobkorea.co.kr/Recruit/GI_Read/45271765?rPageCode=SL&logpath=21&sn=6
㈜소노인터내셔널,대명소노그룹 부문별 신입/경력 인재 채용,https://www.jobkorea.co.kr/Recruit/GI_Read/45265200?rPageCode=SL&logpath=21&sn=6
㈜유피케미칼,유피케미칼 동료를 찾습니다.,https://www.jobkorea.co.kr/Recruit/GI_Read/45262947?rPageCode=SL&logpath=21&sn=6
에스씨티(SCT),[에스씨티(SCT)] CAD / 사무보조 / 자재관리 채용 모집 공고,https://www.jobkorea.co.kr/Recruit/GI_Read/45262893?rPageCode=SL&logpath=21&sn=6
㈜라온테크,기술연구소 로봇시스템팀 제어연구원 경력,https://www.jobkorea.co.kr/Recruit/GI_Read/45261708?rPageCode=SL&logpath=21&sn=6
㈜라온테크,검사자동화본부 채용 공고 (기구설계 부문),https://www.jobkorea.co.kr/Recruit/GI_Read/45261712?rPageCode=SL&logpath=21&sn=6
현대자동차㈜,"현대자동차 경력채용 연구개발, 생산/제조 부문",https://www.jobkorea.co.kr/Recruit/GI_Read/45252783?rPageCode=SL&logpath=21&sn=6
㈜앤씨앤,[앤씨앤/넥스트칩] 2024년 8월 각 부문 채용,https://www.jobkorea.co.kr/Recruit/GI_Read/45237512?rPageCode=SL&logpath=21&sn=6
엘앤티렉서스㈜,당신의 최고의 선택 L&T LEXUS - 각 분야별 모집,https://www.jobkorea.co.kr/Recruit/GI_Read/45245013?rPageCode=SL&logpath=21&sn=6
㈜디에이피,(주)디에이피 안성공장 2024년 하반기 채용(기숙사 있음),https://www.jobkorea.co.kr/Recruit/GI_Read/45254788?rPageCode=SL&logpath=21&sn=6
㈜시몬스,2024년 하반기 부문별 채용공고(신입/경력),https://www.jobkorea.co.kr/Recruit/GI_Read/45253033?rPageCode=SL&logpath=21&sn=6
㈜동보 아산공장,"자동차 부품 생산직 채용(CNC,자동화,기계)[산업기능요원(보충역) 가능]",https://www.jobkorea.co.kr/Recruit/GI_Read/45257477?rPageCode=SL&logpath=21&sn=6
온테크,고전압 시험설비 설치 및 수리 유지보수 엔지니어 모집,https://www.jobkorea.co.kr/Recruit/GI_Read/45265120?rPageCode=SL&logpath=21&sn=6
㈜유민에쓰티,"[유민에쓰티] 구매관리 및 제어기 개발, 센서시스템 F/W, 전자공학, 컴퓨터 공학 담당 채용",https://www.jobkorea.co.kr/Recruit/GI_Read/45257604?rPageCode=SL&logpath=21&sn=6
㈜엠에이피건축종합건축사사무소,건축설계 경력직 모집합니다.(국내.외 산업설계),https://www.jobkorea.co.kr/Recruit/GI_Read/45251390?rPageCode=SL&logpath=21&sn=6
㈜텔레칩스,SoC Design Engineer (경력),https://www.jobkorea.co.kr/Recruit/GI_Read/45252540?rPageCode=SL&logpath=21&sn=6
㈜농심,(주)농심 공무기술직 신입사원 채용(안양/부산),https://www.jobkorea.co.kr/Recruit/GI_Read/45248057?rPageCode=SL&logpath=21&sn=6
㈜웰인더스트리,2024년 기술팀 신입 및 경력 채용,https://www.jobkorea.co.kr/Recruit/GI_Read/45251715?rPageCode=SL&logpath=21&sn=6
㈜인테크코리아,(주)인테크코리아 기구설계개발 부문 모집,https://www.jobkorea.co.kr/Recruit/GI_Read/45250918?rPageCode=SL&logpath=21&sn=6
뉴마린엔지니어링㈜,[강소기업] 본사 공사팀 모집,https://www.jobkorea.co.kr/Recruit/GI_Read/45254392?rPageCode=SL&logpath=21&sn=6
㈜아이디스,2024년 하계 수시채용 (신입/경력),https://www.jobkorea.co.kr/Recruit/GI_Read/45243775?rPageCode=SL&logpath=21&sn=6
코멧테크놀로지스코리아㈜,경력 RF Engineer 채용,https://www.jobkorea.co.kr/Recruit/GI_Read/45244502?rPageCode=SL&logpath=21&sn=6
㈜한일이앤에스,대전 전산실 전기관리 경력자 모집,https://www.jobkorea.co.kr/Recruit/GI_Read/45246427?rPageCode=SL&logpath=21&sn=6
CJ 4DPLEX,"[CJ그룹 계열사] CJ 4DPLEX, 영화관 장비 설치 Supervisor 신입/경력직 채용",https://www.jobkorea.co.kr/Recruit/GI_Read/45242794?rPageCode=SL&logpath=21&sn=6
에이티시스템㈜,[신입가능] 전기제어/기계설계 인재 채용,https://www.jobkorea.co.kr/Recruit/GI_Read/45242385?rPageCode=SL&logpath=21&sn=6
㈜위코,기술영업 신입/경력직 채용 (차량제공),https://www.jobkorea.co.kr/Recruit/GI_Read/45242581?rPageCode=SL&logpath=21&sn=6
신비앤텍(주),자동화장비 제조기술 경력 채용,https://www.jobkorea.co.kr/Recruit/GI_Read/45233172?rPageCode=SL&logpath=21&sn=6
신비앤텍(주),자동화장비 FA개발 시스템 신입 채용,https://www.jobkorea.co.kr/Recruit/GI_Read/45233217?rPageCode=SL&logpath=21&sn=6
신비앤텍(주),자동화장비 제조기술 신입 채용,https://www.jobkorea.co.kr/Recruit/GI_Read/45233180?rPageCode=SL&logpath=21&sn=6
어보브반도체㈜,아날로그회로설계 엔지니어 경력 COREIP그룹,https://www.jobkorea.co.kr/Recruit/GI_Read/45231044?rPageCode=SL&logpath=21&sn=6
신비앤텍(주),자동화 기구설계 경력 모집,https://www.jobkorea.co.kr/Recruit/GI_Read/45233248?rPageCode=SL&logpath=21&sn=6
신비앤텍(주),자동화 전장설계 경력 모집,https://www.jobkorea.co.kr/Recruit/GI_Read/45233232?rPageCode=SL&logpath=21&sn=6
신비앤텍(주),자동화장비 PLC제어 개발 경력 채용,https://www.jobkorea.co.kr/Recruit/GI_Read/45233196?rPageCode=SL&logpath=21&sn=6
신비앤텍(주),자동화 기구설계 신입 모집,https://www.jobkorea.co.kr/Recruit/GI_Read/45233256?rPageCode=SL&logpath=21&sn=6
신비앤텍(주),자동화장비 FA개발 시스템 경력 채용,https://www.jobkorea.co.kr/Recruit/GI_Read/45233265?rPageCode=SL&logpath=21&sn=6
우미건설㈜,우미 8월 경력사원 수시채용,https://www.jobkorea.co.kr/Recruit/GI_Read/45236415?rPageCode=SL&logpath=21&sn=6
㈜삼표산업,[삼표그룹] ㈜에스피네이처 생산설비 부문 채용,https://www.jobkorea.co.kr/Recruit/GI_Read/45237151?rPageCode=SL&logpath=21&sn=6
한화정밀기계㈜,한화정밀기계 2024년 경력사원 채용,https://www.jobkorea.co.kr/Recruit/GI_Read/45231818?rPageCode=SL&logpath=21&sn=6
한솔홈데코,㈜한솔홈데코 재무회계 및 전기설비 부문 경력사원 채용,https://www.jobkorea.co.kr/Recruit/GI_Read/45235255?rPageCode=SL&logpath=21&sn=6
㈜성진하이텍,의료기기RA 채용,https://www.jobkorea.co.kr/Recruit/GI_Read/45239162?rPageCode=SL&logpath=21&sn=6
㈜성진하이텍,연구개발 채용,https://www.jobkorea.co.kr/Recruit/GI_Read/45239069?rPageCode=SL&logpath=21&sn=6
㈜현대계전,㈜현대계전 플랜트 건설 & 감리부문 채용,https://www.jobkorea.co.kr/Recruit/GI_Read/45238436?rPageCode=SL&logpath=21&sn=6
㈜엘시시,㈜LCC 각 부문별 신입사원 채용,https://www.jobkorea.co.kr/Recruit/GI_Read/45231136?rPageCode=SL&logpath=21&sn=6
㈜솔라테크,태양광/사업기획/EPC/설계/사업운영/마케팅/구조검토/인사총무/태양광발전소 유지보수/사업확장채용/근무지:광명,https://www.jobkorea.co.kr/Recruit/GI_Read/45230619?rPageCode=SL&logpath=21&sn=6
㈜브로던,[BROADERN] 각 부문 신입/경력 채용,https://www.jobkorea.co.kr/Recruit/GI_Read/45236276?rPageCode=SL&logpath=21&sn=6
㈜삼진엘앤디,사출설비 엔지니어 기술경력자 채용,https://www.jobkorea.co.kr/Recruit/GI_Read/45225082?rPageCode=SL&logpath=21&sn=6
GS건설㈜,[2024년] PJT전문직 경력사원 모집(현장설계직),https://www.jobkorea.co.kr/Recruit/GI_Read/45220721?rPageCode=SL&logpath=21&sn=6
디와이오토㈜,디와이오토 2024년 하반기 신입/경력사원 공개채용,https://www.jobkorea.co.kr/Recruit/GI_Read/45220205?rPageCode=SL&logpath=21&sn=6
㈜영신디엔씨,㈜영신디엔씨 각분야 신입/경력 채용,https://www.jobkorea.co.kr/Recruit/GI_Read/45225644?rPageCode=SL&logpath=21&sn=6
㈜스펙만어소시에이츠,"인테리어(설계)디자인 대리, 과장급 채용",https://www.jobkorea.co.kr/Recruit/GI_Read/45211972?rPageCode=SL&logpath=21&sn=6
㈜테스콤,전장설계 엔지니어,https://www.jobkorea.co.kr/Recruit/GI_Read/45215776?rPageCode=SL&logpath=21&sn=6
㈜테스콤,로봇제어 엔지니어,https://www.jobkorea.co.kr/Recruit/GI_Read/45215766?rPageCode=SL&logpath=21&sn=6
㈜테스콤,자동화 설비 PLC제어 엔지니어,https://www.jobkorea.co.kr/Recruit/GI_Read/45215758?rPageCode=SL&logpath=21&sn=6
㈜테스콤,기구설계 Engineer,https://www.jobkorea.co.kr/Recruit/GI_Read/45215723?rPageCode=SL&logpath=21&sn=6
한국산업은행,한국산업은행 2024년 2차 청년인턴 채용 공고,https://www.jobkorea.co.kr/Recruit/GI_Read/45210871?rPageCode=SL&logpath=21&sn=6
한국승강기안전공단,2024년 기간제근로자 (승강기검사 고령자) 채용 재공고,https://www.jobkorea.co.kr/Recruit/GI_Read/45189141?rPageCode=SL&logpath=21&sn=6
한솔테크닉스,H/W설계(전자식변속기(E-Shifter)),https://www.jobkorea.co.kr/Recruit/GI_Read/45199497?rPageCode=SL&logpath=21&sn=6
한솔테크닉스,S/W개발 (EV충전모듈),https://www.jobkorea.co.kr/Recruit/GI_Read/45199415?rPageCode=SL&logpath=21&sn=6
한솔테크닉스,S/W개발 (스마트태그),https://www.jobkorea.co.kr/Recruit/GI_Read/45199570?rPageCode=SL&logpath=21&sn=6
한솔테크닉스,H/W개발(TV용 SMPS선행/양산개발) 수원,https://www.jobkorea.co.kr/Recruit/GI_Read/45199252?rPageCode=SL&logpath=21&sn=6
한솔테크닉스,S/W개발 (모터 제어),https://www.jobkorea.co.kr/Recruit/GI_Read/45199340?rPageCode=SL&logpath=21&sn=6
한솔테크닉스,H/W개발 (EV충전모듈),https://www.jobkorea.co.kr/Recruit/GI_Read/45199595?rPageCode=SL&logpath=21&sn=6
한솔테크닉스,전장사업부 공정기술 경력,https://www.jobkorea.co.kr/Recruit/GI_Read/45199528?rPageCode=SL&logpath=21&sn=6
한솔테크닉스,H/W개발 (TV용 SMPS 선행/양산개발),https://www.jobkorea.co.kr/Recruit/GI_Read/45199225?rPageCode=SL&logpath=21&sn=6
한솔테크닉스,"H/W개발(생활가전용SMPS,인버터 회로개발)",https://www.jobkorea.co.kr/Recruit/GI_Read/45199291?rPageCode=SL&logpath=21&sn=6
한솔테크닉스,광학설계 (차량용 Lamp),https://www.jobkorea.co.kr/Recruit/GI_Read/45199505?rPageCode=SL&logpath=21&sn=6
㈜애즈원,주식회사 애즈원 CS(AS유지보수)팀 채용,https://www.jobkorea.co.kr/Recruit/GI_Read/45193726?rPageCode=SL&logpath=21&sn=6
㈜GNA,"신입지원금 총 600만/ 인바운드 단순 상담 모집, 인센별도, DB제공 각종상여 모두지원",https://www.jobkorea.co.kr/Recruit/GI_Read/45181501?rPageCode=SL&logpath=21&sn=6
스카니아코리아그룹㈜,스카니아 아카데미 4기 기술 교육생(Trainee) 모집,https://www.jobkorea.co.kr/Recruit/GI_Read/45184300?rPageCode=SL&logpath=21&sn=6
㈜GNA,"[신차장기렌트] GNA 본사대형확장이전 / 선착순채용 (정착지원금 600만, 추가인센)",https://www.jobkorea.co.kr/Recruit/GI_Read/45181598?rPageCode=SL&logpath=21&sn=6
㈜툴스마트ToolsMart,[2024 하반기] 영업관리 및 공구 AS 기사 각 부문 채용,https://www.jobkorea.co.kr/Recruit/GI_Read/45186595?rPageCode=SL&logpath=21&sn=6
㈜케이에스엠,KSM그룹 2024년 하반기 신입/경력 채용,https://www.jobkorea.co.kr/Recruit/GI_Read/45176177?rPageCode=SL&logpath=21&sn=6
유한회사대일산업,현대삼호중공업내 전기 배선공 모집,https://www.jobkorea.co.kr/Recruit/GI_Read/45169965?rPageCode=SL&logpath=21&sn=6
㈜대진정공,[펌프 제조업] 설계/PM/영업/품질 부문별 채용,https://www.jobkorea.co.kr/Recruit/GI_Read/45164967?rPageCode=SL&logpath=21&sn=6
고운전기㈜,자동제어 PLC 신입 및 경력 채용 [청년/재직자 내일채움공제 가능],https://www.jobkorea.co.kr/Recruit/GI_Read/45163168?rPageCode=SL&logpath=21&sn=6
㈜듀어코리아,Software Engineer (신입),https://www.jobkorea.co.kr/Recruit/GI_Read/45153865?rPageCode=SL&logpath=21&sn=6
㈜듀어코리아,Robot Teacher (신입),https://www.jobkorea.co.kr/Recruit/GI_Read/45153793?rPageCode=SL&logpath=21&sn=6
㈜뉴온,"전장설계, 제어",https://www.jobkorea.co.kr/Recruit/GI_Read/45132790?rPageCode=SL&logpath=21&sn=6
Atlas Copco Korea㈜,Atlas Copco Korea㈜ 각 부문 채용,https://www.jobkorea.co.kr/Recruit/GI_Read/45113637?rPageCode=SL&logpath=21&sn=6
재영솔루텍㈜,[재영솔루텍㈜] 각 분야별 신입/경력 채용,https://www.jobkorea.co.kr/Recruit/GI_Read/45122052?rPageCode=SL&logpath=21&sn=6
대한상공회의소 경기인력개발원,취업 교육생 모집 [기계설계/전기/반도체/자동화/멀티미디어/정보보안 분야],https://www.jobkorea.co.kr/Recruit/GI_Read/45137438?rPageCode=SL&logpath=21&sn=6
㈜아베크디자인,2024년 하반기 경력직 채용(설계부/브랜드마케팅),https://www.jobkorea.co.kr/Recruit/GI_Read/45102278?rPageCode=SL&logpath=21&sn=6
㈜웅진,[경력] SAP MM모듈 유지보수 경력직 채용,https://www.jobkorea.co.kr/Recruit/GI_Read/45309244?rPageCode=SL&logpath=21&sn=6
GS건설㈜,[상시채용] PJT전문직 경력사원 모집(건축/설비/전기/안전/품질),https://www.jobkorea.co.kr/Recruit/GI_Read/45032895?rPageCode=SL&logpath=21&sn=6
오토앤㈜,[경기도 안양] 제품개발 담당자 채용,https://www.jobkorea.co.kr/Recruit/GI_Read/44992641?rPageCode=SL&logpath=21&sn=6
㈜와이에스생명과학,"㈜YS생명과학 제조팀, 기술지원팀 채용",https://www.jobkorea.co.kr/Recruit/GI_Read/44826876?rPageCode=SL&logpath=21&sn=6
㈜티에이치인더스,[충남 아산] 2024년 하반기 플랜트 배관 설계 (신입/경력) 정규직 채용,https://www.jobkorea.co.kr/Recruit/GI_Read/45028875?rPageCode=SL&logpath=21&sn=6
에이티에너지,[신입] 사업장 일반폐기물소각로 조작원 모집(4조2교대),https://www.jobkorea.co.kr/Recruit/GI_Read/45033935?rPageCode=SL&logpath=21&sn=6
㈜다지트,[연봉3600만] 정착지원금(100만) 엘리베이터 인테리어 설치/판금 각 분야 모집,https://www.jobkorea.co.kr/Recruit/GI_Read/44891226?rPageCode=SL&logpath=21&sn=6
㈜인화이엔지,"㈜인화이엔지 화성, 기흥, 평택사업장(삼성반도체內) 정규직 신입사원 채용",https://www.jobkorea.co.kr/Recruit/GI_Read/45035114?rPageCode=SL&logpath=21&sn=6
다올티에스㈜,[다올티에스 호남지사] 엔지니어 경력직 채용,https://www.jobkorea.co.kr/Recruit/GI_Read/45295027?rPageCode=SL&logpath=21&sn=6
㈜아베크디자인,"2024 하반기 설계부 신입사원 채용 (초대졸, 졸업예정자 포함)",https://www.jobkorea.co.kr/Recruit/GI_Read/45289245?rPageCode=SL&logpath=21&sn=6
에이치앤파워,전기/자동제어 (PLC/HMI) 인원 모집,https://www.jobkorea.co.kr/Recruit/GI_Read/45295331?rPageCode=SL&logpath=21&sn=6
라텔,반도체설비 제조 채용,https://www.jobkorea.co.kr/Recruit/GI_Read/45290980?rPageCode=SL&logpath=21&sn=6
㈜비젼텍,(주) 비젼텍 / 비접촉 3차원 측정기 필드 서비스 엔지니어 채용,https://www.jobkorea.co.kr/Recruit/GI_Read/45280908?rPageCode=SL&logpath=21&sn=6
㈜태하,㈜태하 2024년도 부문별 신입 및 경력직 채용,https://www.jobkorea.co.kr/Recruit/GI_Read/45269785?rPageCode=SL&logpath=21&sn=6
NOVASEMI㈜,NOVASEMI 반도체 하반기 각부문 채용,https://www.jobkorea.co.kr/Recruit/GI_Read/45271870?rPageCode=SL&logpath=21&sn=6
㈜네오피엠씨,PLC 제어부문 신입/경력 인재 채용 공고,https://www.jobkorea.co.kr/Recruit/GI_Read/45257470?rPageCode=SL&logpath=21&sn=6
㈜비전오토모티브,"[혼다자동차 수원] 서비스부서 어드바이저 / 정비부(테크니션) 신입,경력 모집",https://www.jobkorea.co.kr/Recruit/GI_Read/45258407?rPageCode=SL&logpath=21&sn=6
대산전자㈜,자동차부품 개발PM업무 및 기구설계,https://www.jobkorea.co.kr/Recruit/GI_Read/45258120?rPageCode=SL&logpath=21&sn=6
주식회사 알에스 코리아,(주)알에스코리아 기술팀 정규직 채용 (경력무관),https://www.jobkorea.co.kr/Recruit/GI_Read/45244455?rPageCode=SL&logpath=21&sn=6
㈜알앤에이코리아,(주)알앤에이코리아에서 냉각기/칠러 생산팀 경력 직원 채용합니다.,https://www.jobkorea.co.kr/Recruit/GI_Read/45221054?rPageCode=SL&logpath=21&sn=6
㈜트라코월드,기구개발연구원 채용공고,https://www.jobkorea.co.kr/Recruit/GI_Read/45217080?rPageCode=SL&logpath=21&sn=6
㈜비비도,개발 담당자 채용,https://www.jobkorea.co.kr/Recruit/GI_Read/45310794?rPageCode=SL&logpath=21&sn=6
㈜디에스 21,배관설계 채용,https://www.jobkorea.co.kr/Recruit/GI_Read/45310580?rPageCode=SL&logpath=21&sn=6
㈜디에스 21,Engineer (압력용기 설계) 채용,https://www.jobkorea.co.kr/Recruit/GI_Read/45310464?rPageCode=SL&logpath=21&sn=6
㈜디에스 21,Engineer (기계설계) 채용,https://www.jobkorea.co.kr/Recruit/GI_Read/45310428?rPageCode=SL&logpath=21&sn=6
씨엔비산업㈜,산업 플랜트의 장치설계 채용,https://www.jobkorea.co.kr/Recruit/GI_Read/45309314?rPageCode=SL&logpath=21&sn=6
㈜이씨티,"기계 ,전기 설계 엔지니어 경력 채용",https://www.jobkorea.co.kr/Recruit/GI_Read/45308361?rPageCode=SL&logpath=21&sn=6
㈜인레이저,자동화장비 설계 및 기구 설계 경력 채용,https://www.jobkorea.co.kr/Recruit/GI_Read/45306637?rPageCode=SL&logpath=21&sn=6
텔레픽스,[대전]광학탑재체 전자 하드웨어엔지니어(경력),https://www.jobkorea.co.kr/Recruit/GI_Read/45306264?rPageCode=SL&logpath=21&sn=6
㈜에프에이엔지니어링,자동화설비 전기공사/제작/설치(PLC.HMI),https://www.jobkorea.co.kr/Recruit/GI_Read/45304095?rPageCode=SL&logpath=21&sn=6
㈜에스제이정밀,생산 기술(모터)/품질 관리파트 경력자,https://www.jobkorea.co.kr/Recruit/GI_Read/45302230?rPageCode=SL&logpath=21&sn=6
㈜하이퍼오토메이션,[제어팀] PLC 엔지니어 팀원급,https://www.jobkorea.co.kr/Recruit/GI_Read/45299794?rPageCode=SL&logpath=21&sn=6
㈜하이퍼오토메이션,[제어팀] PLC 엔지니어 팀장급,https://www.jobkorea.co.kr/Recruit/GI_Read/45299760?rPageCode=SL&logpath=21&sn=6
㈜리브스메드,[연구소로봇]로보틱스SW엔지니어/과장-부장,https://www.jobkorea.co.kr/Recruit/GI_Read/45300987?rPageCode=SL&logpath=21&sn=6
㈜리브스메드,[연구소로봇]HW엔지니어(1)회로(주임-대리),https://www.jobkorea.co.kr/Recruit/GI_Read/45300758?rPageCode=SL&logpath=21&sn=6
㈜리브스메드,[연구소전자]HW엔지니어 모터배터리/주임-과장,https://www.jobkorea.co.kr/Recruit/GI_Read/45300092?rPageCode=SL&logpath=21&sn=6
㈜리브스메드,[연구소전자]HW 엔지니어(3) (주임-과장),https://www.jobkorea.co.kr/Recruit/GI_Read/45299991?rPageCode=SL&logpath=21&sn=6
㈜리브스메드,[연구소전자]HW 엔지니어(2) (과장-차장),https://www.jobkorea.co.kr/Recruit/GI_Read/45299929?rPageCode=SL&logpath=21&sn=6
에스엔정보기술㈜,자동제어현장 SHOP 채용(경력자 우대),https://www.jobkorea.co.kr/Recruit/GI_Read/45300914?rPageCode=SL&logpath=21&sn=6
에스엔정보기술㈜,빌딩자동제어 PM급 채용(경력자 우대),https://www.jobkorea.co.kr/Recruit/GI_Read/45300910?rPageCode=SL&logpath=21&sn=6
㈜리브스메드,[연구소전자]HW 엔지니어(과장-차장),https://www.jobkorea.co.kr/Recruit/GI_Read/45299802?rPageCode=SL&logpath=21&sn=6
㈜씨제이케이,설비관련 전기제어,https://www.jobkorea.co.kr/Recruit/GI_Read/45299807?rPageCode=SL&logpath=21&sn=6
㈜코윈디에스티,[디스플레이] 설계팀 경력직 채용,https://www.jobkorea.co.kr/Recruit/GI_Read/45299581?rPageCode=SL&logpath=21&sn=6
㈜씨제이케이,기구 설계,https://www.jobkorea.co.kr/Recruit/GI_Read/45299722?rPageCode=SL&logpath=21&sn=6
㈜리브스메드,[연구소로봇]HW엔지니어(2)-회로/신입-주임,https://www.jobkorea.co.kr/Recruit/GI_Read/45300700?rPageCode=SL&logpath=21&sn=6
엔바이오니아,코스닥 상장사/기계설비 엔지니어 채용/신입가능,https://www.jobkorea.co.kr/Recruit/GI_Read/45300724?rPageCode=SL&logpath=21&sn=6
㈜시스콘로보틱스,[TM사업부] 자동창고 설계(기구설계)채용,https://www.jobkorea.co.kr/Recruit/GI_Read/45303850?rPageCode=SL&logpath=21&sn=6
㈜선화기술단사무소,건축물 기계설비 설계 경력자 모집,https://www.jobkorea.co.kr/Recruit/GI_Read/45296217?rPageCode=SL&logpath=21&sn=6
고레로보틱스㈜,건설 자율주행차량 HW 엔지니어 - 기구설계,https://www.jobkorea.co.kr/Recruit/GI_Read/45296042?rPageCode=SL&logpath=21&sn=6
고레로보틱스㈜,건설 자율주행차량 HW 엔지니어 - 전장설계,https://www.jobkorea.co.kr/Recruit/GI_Read/45296040?rPageCode=SL&logpath=21&sn=6
고레로보틱스㈜,건설 자율주행차량 SW 엔지니어 Control,https://www.jobkorea.co.kr/Recruit/GI_Read/45296035?rPageCode=SL&logpath=21&sn=6
올제텍㈜,전자장비 기구설계 기계설계 신입/경력 채용,https://www.jobkorea.co.kr/Recruit/GI_Read/45291253?rPageCode=SL&logpath=21&sn=6
올제텍㈜,HW 회로설계 신입 모집,https://www.jobkorea.co.kr/Recruit/GI_Read/45291050?rPageCode=SL&logpath=21&sn=6
가이아스,하드웨어/제품 개발 신입,https://www.jobkorea.co.kr/Recruit/GI_Read/45290932?rPageCode=SL&logpath=21&sn=6
㈜비에이치에스티,설계팀(자동화 설비 설계) 경력직원 모집,https://www.jobkorea.co.kr/Recruit/GI_Read/45289843?rPageCode=SL&logpath=21&sn=6
고레로보틱스㈜,건설 자율주행차량 SW엔지니어 Planning,https://www.jobkorea.co.kr/Recruit/GI_Read/45296037?rPageCode=SL&logpath=21&sn=6
㈜이너스,기계설계(CAD) 도면작성 경력직 채용,https://www.jobkorea.co.kr/Recruit/GI_Read/45294211?rPageCode=SL&logpath=21&sn=6
㈜대도,"[기숙사가능] 자동화/PLC프로그래머, 로봇 엔지니어 모집(신입,경력) 전기전자/자동화엔지니어",https://www.jobkorea.co.kr/Recruit/GI_Read/45145456?rPageCode=SL&logpath=21&sn=6
비솔,유지보수(본사 근무),https://www.jobkorea.co.kr/Recruit/GI_Read/45285833?rPageCode=SL&logpath=21&sn=6
비솔,유지보수(본사 근무/신입),https://www.jobkorea.co.kr/Recruit/GI_Read/45285797?rPageCode=SL&logpath=21&sn=6
비솔,[가산] 3D Technical Artist,https://www.jobkorea.co.kr/Recruit/GI_Read/45285770?rPageCode=SL&logpath=21&sn=6
㈜넷커스터마이즈,FPGA Logic/임베디드 SW 개발자 경력,https://www.jobkorea.co.kr/Recruit/GI_Read/45282986?rPageCode=SL&logpath=21&sn=6
㈜심원테크,자동차 차체 Press 및 Laser 경력자,https://www.jobkorea.co.kr/Recruit/GI_Read/45284602?rPageCode=SL&logpath=21&sn=6
㈜심원테크,자동차 차체 조립공법 경력자 채용,https://www.jobkorea.co.kr/Recruit/GI_Read/45284586?rPageCode=SL&logpath=21&sn=6
㈜넷커스터마이즈,FPGA Logic/임베디드 SW 개발자 신입,https://www.jobkorea.co.kr/Recruit/GI_Read/45282991?rPageCode=SL&logpath=21&sn=6
㈜나인벨,전장설계 경력직 채용,https://www.jobkorea.co.kr/Recruit/GI_Read/45281312?rPageCode=SL&logpath=21&sn=6
㈜네비웍스,HW 전기전자 설계 개발 경력자,https://www.jobkorea.co.kr/Recruit/GI_Read/45250701?rPageCode=SL&logpath=21&sn=6
㈜나인벨,"기계설계, 반도체/자동화 장비 설계 경력",https://www.jobkorea.co.kr/Recruit/GI_Read/45281294?rPageCode=SL&logpath=21&sn=6
㈜네비웍스,HW 기구설계 경력자,https://www.jobkorea.co.kr/Recruit/GI_Read/45250717?rPageCode=SL&logpath=21&sn=6
㈜케이엔에스,[㈜케이엔에스] 3D설계 경력자 채용,https://www.jobkorea.co.kr/Recruit/GI_Read/45281724?rPageCode=SL&logpath=21&sn=6
㈜한용IDC,건축설계 CAD 담당자채용(신입가능/재택가능),https://www.jobkorea.co.kr/Recruit/GI_Read/45282854?rPageCode=SL&logpath=21&sn=6
제이원티엔엠,자동화설비 설치 및 관리 경력직,https://www.jobkorea.co.kr/Recruit/GI_Read/45272876?rPageCode=SL&logpath=21&sn=6
㈜제이티,기구제조기술팀 경력직,https://www.jobkorea.co.kr/Recruit/GI_Read/45269653?rPageCode=SL&logpath=21&sn=6
엔엠시스코㈜,장비 사업부 기구설계팀 경력 채용 건,https://www.jobkorea.co.kr/Recruit/GI_Read/45271221?rPageCode=SL&logpath=21&sn=6
국림피엔텍㈜,자동차부품사출기업 생산 기술팀 팀장 채용,https://www.jobkorea.co.kr/Recruit/GI_Read/45266804?rPageCode=SL&logpath=21&sn=6
㈜휴라이트,"기계 설계, 연구개발 채용",https://www.jobkorea.co.kr/Recruit/GI_Read/45271881?rPageCode=SL&logpath=21&sn=6
㈜제이피코리아,디스플레이 및 반도체 (제조조립팀/설계관리/PLC(제어)/영업) 직원 채용,https://www.jobkorea.co.kr/Recruit/GI_Read/45125066?rPageCode=SL&logpath=21&sn=6
한국타프로기㈜,[부산]기술팀 신입/경력(주임-대리)채용,https://www.jobkorea.co.kr/Recruit/GI_Read/45261348?rPageCode=SL&logpath=21&sn=6
㈜폴라리스쓰리디,"서빙로봇 기술운영, 유지보수(서울/경력)",https://www.jobkorea.co.kr/Recruit/GI_Read/45258636?rPageCode=SL&logpath=21&sn=6
(유)랍코리아(LAPP KOREA LLC.),Pannel/EV infra 엔지니어 경력직,https://www.jobkorea.co.kr/Recruit/GI_Read/45258290?rPageCode=SL&logpath=21&sn=6
㈜이엘피,FPCB(PCB) 설계 경력,https://www.jobkorea.co.kr/Recruit/GI_Read/45254236?rPageCode=SL&logpath=21&sn=6
레인보우로보틱스,모바일 로봇 연구개발직,https://www.jobkorea.co.kr/Recruit/GI_Read/45259277?rPageCode=SL&logpath=21&sn=6
㈜레이시온,레이저 기술팀 경력직 채용,https://www.jobkorea.co.kr/Recruit/GI_Read/45258014?rPageCode=SL&logpath=21&sn=6
레인보우로보틱스,로봇설계 경력직 채용,https://www.jobkorea.co.kr/Recruit/GI_Read/45259266?rPageCode=SL&logpath=21&sn=6
㈜주영메카트로닉스,[미국 앨라배마]자동차부품업체'보전/설비'영입,https://www.jobkorea.co.kr/Recruit/GI_Read/45259309?rPageCode=SL&logpath=21&sn=6
한국타프로기㈜,[서울]기술팀 신입/경력(주임-대리)채용,https://www.jobkorea.co.kr/Recruit/GI_Read/45261333?rPageCode=SL&logpath=21&sn=6
㈜레이시온,레이저 기술팀 신입직 채용,https://www.jobkorea.co.kr/Recruit/GI_Read/45258025?rPageCode=SL&logpath=21&sn=6
율린에너지,태양광 설계/대관업무 실무자 및 팀장급 채용,https://www.jobkorea.co.kr/Recruit/GI_Read/45264866?rPageCode=SL&logpath=21&sn=6
㈜유창테크,임베디드 BOARD H/W 개발 경력직 채용,https://www.jobkorea.co.kr/Recruit/GI_Read/45261823?rPageCode=SL&logpath=21&sn=6
㈜세림지엠티,도장설비/플랜트 기계설계 엔지니어 경력직 채용,https://www.jobkorea.co.kr/Recruit/GI_Read/45258609?rPageCode=SL&logpath=21&sn=6
㈜씨앤엠,생산기술 경력직 모집(모터/자동차부품),https://www.jobkorea.co.kr/Recruit/GI_Read/45255250?rPageCode=SL&logpath=21&sn=6
디앤아이테크놀러지㈜,전력전자 FW 엔지니어,https://www.jobkorea.co.kr/Recruit/GI_Read/45196144?rPageCode=SL&logpath=21&sn=6
㈜씨앤엠,자동차 모터부품 선행개발 연구 경력직,https://www.jobkorea.co.kr/Recruit/GI_Read/45255092?rPageCode=SL&logpath=21&sn=6
하이월드테크㈜,제조/전장제어 담당자 채용 [신입/경력],https://www.jobkorea.co.kr/Recruit/GI_Read/45250219?rPageCode=SL&logpath=21&sn=6
㈜아이브,기구/설계 엔지니어 채용,https://www.jobkorea.co.kr/Recruit/GI_Read/45250241?rPageCode=SL&logpath=21&sn=6
㈜동방수기,기계 설비 연구 개발 경력직 채용,https://www.jobkorea.co.kr/Recruit/GI_Read/45244752?rPageCode=SL&logpath=21&sn=6
㈜쏠리드윈텍,연구소 H/W 개발자 채용,https://www.jobkorea.co.kr/Recruit/GI_Read/45242152?rPageCode=SL&logpath=21&sn=6
주식회사 알에스 코리아,기술팀 정규직 [경력무관],https://www.jobkorea.co.kr/Recruit/GI_Read/45247601?rPageCode=SL&logpath=21&sn=6
㈜록서,[구로디지털] 다분광스펙트럼 분석기 연구원 채용,https://www.jobkorea.co.kr/Recruit/GI_Read/45018978?rPageCode=SL&logpath=21&sn=6
㈜엠리무진,[창원/동탄] 차량 A/S 엔지니어 공개채용(초보자환영),https://www.jobkorea.co.kr/Recruit/GI_Read/44996099?rPageCode=SL&logpath=21&sn=6
㈜록서,[구로디지털]비데 개발자 채용,https://www.jobkorea.co.kr/Recruit/GI_Read/45018980?rPageCode=SL&logpath=21&sn=6
㈜유진로봇,SAS사업부 글로벌PJ 기구설계(중국어가능자),https://www.jobkorea.co.kr/Recruit/GI_Read/45238586?rPageCode=SL&logpath=21&sn=6
㈜신호시스템,검사장비 전장 도면 설계 경력자 채용,https://www.jobkorea.co.kr/Recruit/GI_Read/45235754?rPageCode=SL&logpath=21&sn=6
㈜비에이치에스티,"기업부설연구소 H/W, F/W개발 경력 채용",https://www.jobkorea.co.kr/Recruit/GI_Read/45231622?rPageCode=SL&logpath=21&sn=6
㈜태영에스엔티,"철구조물, 차양, 휀스 설계 경력직 채용",https://www.jobkorea.co.kr/Recruit/GI_Read/45231352?rPageCode=SL&logpath=21&sn=6
㈜씨에스,RF연구소 FPGA 개발/설계 경력 채용,https://www.jobkorea.co.kr/Recruit/GI_Read/45234276?rPageCode=SL&logpath=21&sn=6
㈜웨이브트랙,RF 모듈 개발자 신입 채용,https://www.jobkorea.co.kr/Recruit/GI_Read/45238210?rPageCode=SL&logpath=21&sn=6
㈜유진로봇,스마트자동화시스템사업부 SW(PLC),https://www.jobkorea.co.kr/Recruit/GI_Read/45237308?rPageCode=SL&logpath=21&sn=6
㈜다인엔시스,하드웨어 엔지니어 (팀장급),https://www.jobkorea.co.kr/Recruit/GI_Read/45236248?rPageCode=SL&logpath=21&sn=6
미노언㈜,[미노언] 기계 / 기구설계 정규직,https://www.jobkorea.co.kr/Recruit/GI_Read/45231186?rPageCode=SL&logpath=21&sn=6
제일테크노,기계설계 경력 직원 채용,https://www.jobkorea.co.kr/Recruit/GI_Read/45232574?rPageCode=SL&logpath=21&sn=6
㈜이브이에스,"IoT사업부-배관배선,내선,현장설치,생산,AS",https://www.jobkorea.co.kr/Recruit/GI_Read/45223906?rPageCode=SL&logpath=21&sn=6
㈜애플티,반도체장비 설계엔지니어 경력자,https://www.jobkorea.co.kr/Recruit/GI_Read/45223927?rPageCode=SL&logpath=21&sn=6
㈜쏠리드윈텍,생산기술 엔지니어,https://www.jobkorea.co.kr/Recruit/GI_Read/45223050?rPageCode=SL&logpath=21&sn=6
㈜미래티이씨,기계설계 경력직 채용,https://www.jobkorea.co.kr/Recruit/GI_Read/45218691?rPageCode=SL&logpath=21&sn=6
㈜영인 플랜텍,플랜트 E3D(PDMS) 어드민,https://www.jobkorea.co.kr/Recruit/GI_Read/45215134?rPageCode=SL&logpath=21&sn=6
씨엔비산업㈜,산업플랜트 전기공사 관리 채용,https://www.jobkorea.co.kr/Recruit/GI_Read/45212450?rPageCode=SL&logpath=21&sn=6
탁스코,기구설계 엔지니어,https://www.jobkorea.co.kr/Recruit/GI_Read/45208281?rPageCode=SL&logpath=21&sn=6
인터텍이티엘셈코㈜,[Intertek]전기전자 프로젝트엔지니어경력,https://www.jobkorea.co.kr/Recruit/GI_Read/45211336?rPageCode=SL&logpath=21&sn=6
탁스코,전기/전장/배선 엔지니어,https://www.jobkorea.co.kr/Recruit/GI_Read/45208288?rPageCode=SL&logpath=21&sn=6
㈜신한에스엔지,[신한에스엔지] 본사 사업3본부/설계/구조,https://www.jobkorea.co.kr/Recruit/GI_Read/45214318?rPageCode=SL&logpath=21&sn=6
㈜에코스,기술연구소 기구설계(기계설계) 신입/경력 채용,https://www.jobkorea.co.kr/Recruit/GI_Read/45214226?rPageCode=SL&logpath=21&sn=6
㈜퍼스텍,PLC 제어 신입 / 경력직 채용,https://www.jobkorea.co.kr/Recruit/GI_Read/45211082?rPageCode=SL&logpath=21&sn=6
㈜프로게이트테크놀러지,Field Applicaion Engineer,https://www.jobkorea.co.kr/Recruit/GI_Read/45206511?rPageCode=SL&logpath=21&sn=6
인엘씨테크놀러지,광학설계 신입/경력 채용,https://www.jobkorea.co.kr/Recruit/GI_Read/45203653?rPageCode=SL&logpath=21&sn=6
강남기전,[김포] 전기전자제어 설계 엔지니어,https://www.jobkorea.co.kr/Recruit/GI_Read/45202391?rPageCode=SL&logpath=21&sn=6
비솔,회로 설계 경력 채용(본사 근무),https://www.jobkorea.co.kr/Recruit/GI_Read/45205144?rPageCode=SL&logpath=21&sn=6
㈜호산씨텍,설계 (CATIA 및 AUTO CAD),https://www.jobkorea.co.kr/Recruit/GI_Read/45202072?rPageCode=SL&logpath=21&sn=6
㈜성우메디텍,건강가전제품 기업부설연구소 기구설계 사원모집,https://www.jobkorea.co.kr/Recruit/GI_Read/45201972?rPageCode=SL&logpath=21&sn=6
㈜다온테크놀로지,플랜트 전기계장 설계 [경력직 채용],https://www.jobkorea.co.kr/Recruit/GI_Read/45196706?rPageCode=SL&logpath=21&sn=6
㈜씨앤지마이크로웨이브,연구소 안테나 개발 경력,https://www.jobkorea.co.kr/Recruit/GI_Read/45197187?rPageCode=SL&logpath=21&sn=6
㈜씨앤씨라이트웨이,무대방송조명 AS기술센터 엔지니어 채용,https://www.jobkorea.co.kr/Recruit/GI_Read/45197341?rPageCode=SL&logpath=21&sn=6
㈜엘앤케이바이오메드,척추 의료기기 연구부소장,https://www.jobkorea.co.kr/Recruit/GI_Read/45196013?rPageCode=SL&logpath=21&sn=6
㈜영진,금형기술(경력),https://www.jobkorea.co.kr/Recruit/GI_Read/45182013?rPageCode=SL&logpath=21&sn=6
㈜디에스엠,반도체 자동이송장비 기술개발팀(전장설계),https://www.jobkorea.co.kr/Recruit/GI_Read/45184033?rPageCode=SL&logpath=21&sn=6
㈜케이퓨얼셀,케이퓨얼셀 연료전지 스택개발팀 (스톡옵션),https://www.jobkorea.co.kr/Recruit/GI_Read/45182430?rPageCode=SL&logpath=21&sn=6
㈜영진,금형기술(임원),https://www.jobkorea.co.kr/Recruit/GI_Read/45181960?rPageCode=SL&logpath=21&sn=6
㈜영진,현장PLC 및 보전,https://www.jobkorea.co.kr/Recruit/GI_Read/45181866?rPageCode=SL&logpath=21&sn=6
㈜씨앤씨테크,이천 연구개발팀 기구설계 인원 모집,https://www.jobkorea.co.kr/Recruit/GI_Read/45186883?rPageCode=SL&logpath=21&sn=6
㈜씨앤씨테크,이천 연구개발팀 전기/전자 인원 모집,https://www.jobkorea.co.kr/Recruit/GI_Read/45186852?rPageCode=SL&logpath=21&sn=6
㈜영진,부품설계 팀장급 모집,https://www.jobkorea.co.kr/Recruit/GI_Read/45181998?rPageCode=SL&logpath=21&sn=6
㈜케이엔에스,FA 자동화 설비 PLC 프로그래머[경력],https://www.jobkorea.co.kr/Recruit/GI_Read/45188448?rPageCode=SL&logpath=21&sn=6
㈜케이퓨얼셀,연료전지 제어Part 소프트웨어개발(스톡옵션),https://www.jobkorea.co.kr/Recruit/GI_Read/45182459?rPageCode=SL&logpath=21&sn=6
㈜케이퓨얼셀,케이퓨얼셀 연료전지시스템 성능개발팀(스톡옵션),https://www.jobkorea.co.kr/Recruit/GI_Read/45182417?rPageCode=SL&logpath=21&sn=6
㈜케이퓨얼셀,케이퓨얼셀 연료전지시스템 설계팀(스톡옵션),https://www.jobkorea.co.kr/Recruit/GI_Read/45182395?rPageCode=SL&logpath=21&sn=6
㈜디에스엠,반도체 자동이송장비 기술개발팀(기구설계),https://www.jobkorea.co.kr/Recruit/GI_Read/45184044?rPageCode=SL&logpath=21&sn=6
오토스윙,제품디자인 담당,https://www.jobkorea.co.kr/Recruit/GI_Read/45182768?rPageCode=SL&logpath=21&sn=6
㈜아이브,"기계,광학,전장(제어) 엔지니어 채용",https://www.jobkorea.co.kr/Recruit/GI_Read/45188287?rPageCode=SL&logpath=21&sn=6
㈜폴라리스쓰리디,"서빙로봇 기구설계 엔지니어 (서울,신입/경력)",https://www.jobkorea.co.kr/Recruit/GI_Read/45189432?rPageCode=SL&logpath=21&sn=6
㈜비더블유에스텍,SAFETY 기술책임자 경력 채용,https://www.jobkorea.co.kr/Recruit/GI_Read/45170237?rPageCode=SL&logpath=21&sn=6
㈜비더블유에스텍,EMC 기술책임자 경력 채용,https://www.jobkorea.co.kr/Recruit/GI_Read/45170265?rPageCode=SL&logpath=21&sn=6
혁산정보시스템,"도면설계(네트웍,AV,CCTV)및 관리담당채용",https://www.jobkorea.co.kr/Recruit/GI_Read/45174177?rPageCode=SL&logpath=21&sn=6
㈜비에이치에스티,비에이치ST VISION FIRMWARE 채용,https://www.jobkorea.co.kr/Recruit/GI_Read/45162285?rPageCode=SL&logpath=21&sn=6
㈜비에이치에스티,개발팀(기업부설연구소) 채용,https://www.jobkorea.co.kr/Recruit/GI_Read/45162282?rPageCode=SL&logpath=21&sn=6
애드테크,기술연구소 Actuator 및 기구 설계 경력,https://www.jobkorea.co.kr/Recruit/GI_Read/45161821?rPageCode=SL&logpath=21&sn=6
제이디텍㈜,기구설계 경력사원,https://www.jobkorea.co.kr/Recruit/GI_Read/45162579?rPageCode=SL&logpath=21&sn=6
애드테크,전장품 Actuator 및 기구 설계(용인),https://www.jobkorea.co.kr/Recruit/GI_Read/45161885?rPageCode=SL&logpath=21&sn=6
아크레이글로벌비즈니스㈜,펌웨어(소프트웨어) 개발,https://www.jobkorea.co.kr/Recruit/GI_Read/45160963?rPageCode=SL&logpath=21&sn=6
㈜디와이이엔지,2차전지 분야 기구 설계 엔지니어 경력 채용,https://www.jobkorea.co.kr/Recruit/GI_Read/45162245?rPageCode=SL&logpath=21&sn=6
UFI Filters Korea,"유압설비 부품설계, 개발 엔지니어(신입/경력)",https://www.jobkorea.co.kr/Recruit/GI_Read/45161316?rPageCode=SL&logpath=21&sn=6
㈜컴버스텍,"PLC, DCS 프로그래밍 및 계장설계",https://www.jobkorea.co.kr/Recruit/GI_Read/45165912?rPageCode=SL&logpath=21&sn=6
동해산업㈜,[신입/경력] 제품 및 금형개발 정규직 채용,https://www.jobkorea.co.kr/Recruit/GI_Read/45161360?rPageCode=SL&logpath=21&sn=6
㈜보스반도체,AI SW 개발 엔지니어,https://www.jobkorea.co.kr/Recruit/GI_Read/45160638?rPageCode=SL&logpath=21&sn=6
㈜컴버스텍,"연소기 개발,실험 및 CFD",https://www.jobkorea.co.kr/Recruit/GI_Read/45165705?rPageCode=SL&logpath=21&sn=6
케이앤씨,연구개발 경력직 채용,https://www.jobkorea.co.kr/Recruit/GI_Read/45155738?rPageCode=SL&logpath=21&sn=6
포투,[포투] 회로개발 (HW),https://www.jobkorea.co.kr/Recruit/GI_Read/45151982?rPageCode=SL&logpath=21&sn=6
포투,[포투] 펌웨어개발 FW,https://www.jobkorea.co.kr/Recruit/GI_Read/45151967?rPageCode=SL&logpath=21&sn=6
초이스테크닉스㈜,제품설계/디자인설계/기구설계 경력직,https://www.jobkorea.co.kr/Recruit/GI_Read/45154236?rPageCode=SL&logpath=21&sn=6
㈜넥스포,설계 경력직 채용,https://www.jobkorea.co.kr/Recruit/GI_Read/45148572?rPageCode=SL&logpath=21&sn=6
에이앤피산업㈜,PLC 프로그램/자동제어(인천호구포역1분거리),https://www.jobkorea.co.kr/Recruit/GI_Read/45143268?rPageCode=SL&logpath=21&sn=6
㈜소프트센,[소프트센] 전장설계 및 PLC제어 직원 채용,https://www.jobkorea.co.kr/Recruit/GI_Read/45147209?rPageCode=SL&logpath=21&sn=6
㈜넥스포,설계 신입직 채용,https://www.jobkorea.co.kr/Recruit/GI_Read/45148591?rPageCode=SL&logpath=21&sn=6
㈜네오피엠씨,"PLC 제어, 전장 부문 경력 채용",https://www.jobkorea.co.kr/Recruit/GI_Read/45139420?rPageCode=SL&logpath=21&sn=6
㈜성우메디텍,안마의자 건강 마사지기기 전장 담당자 모집,https://www.jobkorea.co.kr/Recruit/GI_Read/45137346?rPageCode=SL&logpath=21&sn=6
㈜네오피엠씨,설계 부문 경력 인재 채용,https://www.jobkorea.co.kr/Recruit/GI_Read/45139124?rPageCode=SL&logpath=21&sn=6
한국인닥타썸㈜,전기 및 기구설계 캐드원 모집 신입/경력 채용,https://www.jobkorea.co.kr/Recruit/GI_Read/45138183?rPageCode=SL&logpath=21&sn=6
에델테크,임베디드 Linux SW 개발자 채용,https://www.jobkorea.co.kr/Recruit/GI_Read/45137832?rPageCode=SL&logpath=21&sn=6
㈜네오피엠씨,"PLC 제어, 전장 부문 신입 채용",https://www.jobkorea.co.kr/Recruit/GI_Read/45139266?rPageCode=SL&logpath=21&sn=6
㈜예일테크,CAD (PCB Design) 경력사원 채용,https://www.jobkorea.co.kr/Recruit/GI_Read/45124334?rPageCode=SL&logpath=21&sn=6
㈜에스와이이엔아이,PLC & 제어설계 경력 모집,https://www.jobkorea.co.kr/Recruit/GI_Read/45119495?rPageCode=SL&logpath=21&sn=6
에버레이드,일회용밴드 드레싱 [기계 관리자] 경력직채용,https://www.jobkorea.co.kr/Recruit/GI_Read/45119282?rPageCode=SL&logpath=21&sn=6
㈜수소에너젠,[전기제어] 전기계장 정규직 직원 채용,https://www.jobkorea.co.kr/Recruit/GI_Read/45125954?rPageCode=SL&logpath=21&sn=6
㈜제이티,선행개발 경력사원 모집,https://www.jobkorea.co.kr/Recruit/GI_Read/45122365?rPageCode=SL&logpath=21&sn=6
㈜제이티,S/W개발 경력사원,https://www.jobkorea.co.kr/Recruit/GI_Read/45122554?rPageCode=SL&logpath=21&sn=6
덕영엔지니어링,환경플랜트/토목 설계 경력 채용,https://www.jobkorea.co.kr/Recruit/GI_Read/45122241?rPageCode=SL&logpath=21&sn=6
제4기한국,Sputter 장비설계 (대리-차장급),https://www.jobkorea.co.kr/Recruit/GI_Read/45123170?rPageCode=SL&logpath=21&sn=6
덕영엔지니어링,환경플랜트/토목 설계 신입 채용,https://www.jobkorea.co.kr/Recruit/GI_Read/45122239?rPageCode=SL&logpath=21&sn=6
한국에스케이에프씰㈜,생산본부 제조기술팀(PLC) 경력직 채용,https://www.jobkorea.co.kr/Recruit/GI_Read/45120754?rPageCode=SL&logpath=21&sn=6
㈜에스와이이엔아이,PLC & 제어설계 신입 모집,https://www.jobkorea.co.kr/Recruit/GI_Read/45119488?rPageCode=SL&logpath=21&sn=6
제4기한국,자동화장비 PC 제어,https://www.jobkorea.co.kr/Recruit/GI_Read/45123172?rPageCode=SL&logpath=21&sn=6
㈜제이티,기구개발 경력사원,https://www.jobkorea.co.kr/Recruit/GI_Read/45122526?rPageCode=SL&logpath=21&sn=6
㈜세기알앤디,HW/RF 설계 경력자,https://www.jobkorea.co.kr/Recruit/GI_Read/45125625?rPageCode=SL&logpath=21&sn=6
㈜수소에너젠,기계설계 경력직 채용,https://www.jobkorea.co.kr/Recruit/GI_Read/45125919?rPageCode=SL&logpath=21&sn=6
㈜태양전기,고압 발전기 기구 설계자 채용,https://www.jobkorea.co.kr/Recruit/GI_Read/45113322?rPageCode=SL&logpath=21&sn=6
㈜보스반도체,SW Quality Assurance Lead,https://www.jobkorea.co.kr/Recruit/GI_Read/45110078?rPageCode=SL&logpath=21&sn=6
㈜왕도방식,전기방식 설계 엔지니어,https://www.jobkorea.co.kr/Recruit/GI_Read/45111072?rPageCode=SL&logpath=21&sn=6
경기산업㈜,기계설계 (경력),https://www.jobkorea.co.kr/Recruit/GI_Read/45113998?rPageCode=SL&logpath=21&sn=6
㈜프레임그룹,콘서트 공연 방송 현장 오퍼레이션(기계장치),https://www.jobkorea.co.kr/Recruit/GI_Read/45115395?rPageCode=SL&logpath=21&sn=6
키밸브기술㈜,기술연구소 설계팀 채용,https://www.jobkorea.co.kr/Recruit/GI_Read/45109676?rPageCode=SL&logpath=21&sn=6
㈜테스시스템,프레스 금형 설계 경력직 채용,https://www.jobkorea.co.kr/Recruit/GI_Read/45100872?rPageCode=SL&logpath=21&sn=6
㈜부성기연,냉동기계 설계직 채용 공고(신입/경력),https://www.jobkorea.co.kr/Recruit/GI_Read/45092163?rPageCode=SL&logpath=21&sn=6
태경전자㈜,[기업부설연구소] 드론운항팀,https://www.jobkorea.co.kr/Recruit/GI_Read/45100893?rPageCode=SL&logpath=21&sn=6
르보이엔지,"BIM 건축, 토목, REVIT",https://www.jobkorea.co.kr/Recruit/GI_Read/45101474?rPageCode=SL&logpath=21&sn=6
㈜티에스에스구조엔지니어링,건축구조설계 팀장급 경력직 채용,https://www.jobkorea.co.kr/Recruit/GI_Read/45097033?rPageCode=SL&logpath=21&sn=6
㈜엘라인,회로개발팀 경력직(과장/차장급) 채용,https://www.jobkorea.co.kr/Recruit/GI_Read/45084997?rPageCode=SL&logpath=21&sn=6
올제텍㈜,시스템SW개발자 모집(경력),https://www.jobkorea.co.kr/Recruit/GI_Read/45081764?rPageCode=SL&logpath=21&sn=6
올제텍㈜,임베디드SW 엔지니어( C/C++) 경력 모집,https://www.jobkorea.co.kr/Recruit/GI_Read/45081368?rPageCode=SL&logpath=21&sn=6
㈜케이웨이브,2024년 전기계장 및 PLC 프로그램 설계,https://www.jobkorea.co.kr/Recruit/GI_Read/45085884?rPageCode=SL&logpath=21&sn=6
에델테크,FPGA High level 엔지니어 모집,https://www.jobkorea.co.kr/Recruit/GI_Read/45030970?rPageCode=SL&logpath=21&sn=6
㈜시스웍,시스웍 기술연구소 MOTOR제어 연구원,https://www.jobkorea.co.kr/Recruit/GI_Read/44983389?rPageCode=SL&logpath=21&sn=6
㈜오토콘테크,하드웨어 회로설계 개발,https://www.jobkorea.co.kr/Recruit/GI_Read/45002119?rPageCode=SL&logpath=21&sn=6
아인스플러스,주식회사 아인스플러스 PLC 엔지니어 채용,https://www.jobkorea.co.kr/Recruit/GI_Read/45033639?rPageCode=SL&logpath=21&sn=6
오비오㈜,[글로벌 강소기업] 전장설계팀 경력 채용,https://www.jobkorea.co.kr/Recruit/GI_Read/44976714?rPageCode=SL&logpath=21&sn=6
㈜유진로봇,SAS사업부 글로벌 PJ 기구설계(영어가능자),https://www.jobkorea.co.kr/Recruit/GI_Read/45085177?rPageCode=SL&logpath=21&sn=6
그린웍스㈜,산업/환경플랜트 설계 엔지니어 경력직 채용,https://www.jobkorea.co.kr/Recruit/GI_Read/45043605?rPageCode=SL&logpath=21&sn=6
아인스플러스,주식회사 아인스플러스 설계팀 모집,https://www.jobkorea.co.kr/Recruit/GI_Read/45033647?rPageCode=SL&logpath=21&sn=6
㈜에이테크아이엔씨,PLC 프로그래머 채용,https://www.jobkorea.co.kr/Recruit/GI_Read/45093489?rPageCode=SL&logpath=21&sn=6
레이저앤피직스㈜,자동화설비 기구 설계 엔지니어 모집,https://www.jobkorea.co.kr/Recruit/GI_Read/45097131?rPageCode=SL&logpath=21&sn=6
㈜지우텍,기계 설계 정규직 채용,https://www.jobkorea.co.kr/Recruit/GI_Read/45027903?rPageCode=SL&logpath=21&sn=6
올제텍㈜,시스템SW개발자 모집(신입),https://www.jobkorea.co.kr/Recruit/GI_Read/45081755?rPageCode=SL&logpath=21&sn=6
㈜제팩,포장 자동화 기계 로봇 제어 -과장/부장급,https://www.jobkorea.co.kr/Recruit/GI_Read/45067959?rPageCode=SL&logpath=21&sn=6
에델테크,FPGA/HW 주니어 엔지니어 채용,https://www.jobkorea.co.kr/Recruit/GI_Read/45046310?rPageCode=SL&logpath=21&sn=6
㈜인터엑스,[서울] PLC 엔지니어,https://www.jobkorea.co.kr/Recruit/GI_Read/45020158?rPageCode=SL&logpath=21&sn=6
레이저앤피직스㈜,용인 연구소 연구개발직,https://www.jobkorea.co.kr/Recruit/GI_Read/45097125?rPageCode=SL&logpath=21&sn=6
㈜이노소니언,임베디드 펌웨어 개발 경력자(5년이상),https://www.jobkorea.co.kr/Recruit/GI_Read/45097499?rPageCode=SL&logpath=21&sn=6
㈜케이웨이브,기계설비 설계 CAD 모집,https://www.jobkorea.co.kr/Recruit/GI_Read/45085810?rPageCode=SL&logpath=21&sn=6
㈜제팩,포장자동화라인 시스템 설계 과장급 사원 모집,https://www.jobkorea.co.kr/Recruit/GI_Read/45065307?rPageCode=SL&logpath=21&sn=6
㈜퓨전정보기술,"전기전자 H/W, F/W 설계,개발",https://www.jobkorea.co.kr/Recruit/GI_Read/45064914?rPageCode=SL&logpath=21&sn=6
가이아스,하드웨어/제품 개발 경력,https://www.jobkorea.co.kr/Recruit/GI_Read/45020575?rPageCode=SL&logpath=21&sn=6
삼진플랜트,삼진플랜트 설계팀 경력 모집,https://www.jobkorea.co.kr/Recruit/GI_Read/44950198?rPageCode=SL&logpath=21&sn=6
보이머그룹코리아 유한회사,보이머그룹코리아 서비스 엔지니어/테크니션 채용,https://www.jobkorea.co.kr/Recruit/GI_Read/45093206?rPageCode=SL&logpath=21&sn=6
㈜비엔에스테크,설계지원 신입 채용,https://www.jobkorea.co.kr/Recruit/GI_Read/45054784?rPageCode=SL&logpath=21&sn=6
오비오㈜,[글로벌 강소기업] 정수기 기구설계 경력 모집,https://www.jobkorea.co.kr/Recruit/GI_Read/44976726?rPageCode=SL&logpath=21&sn=6
에이앤피산업㈜,기계설계/개발팀 신입 및 경력직 모집,https://www.jobkorea.co.kr/Recruit/GI_Read/45042231?rPageCode=SL&logpath=21&sn=6
리텍시스템,"포장기계,기계 조립,전기제어 가능자 모집",https://www.jobkorea.co.kr/Recruit/GI_Read/45309523?rPageCode=SL&logpath=21&sn=6
㈜머치롤,"[㈜머치롤] 인테리어 현장관리 공사부 채용합니다.(경력,신입)",https://www.jobkorea.co.kr/Recruit/GI_Read/45303879?rPageCode=SL&logpath=21&sn=6
㈜로보티즈,[로봇 매니퓰레이터(다관절 로봇)] 설계/제어/SW 개발자 모집의 건,https://www.jobkorea.co.kr/Recruit/GI_Read/45299406?rPageCode=SL&logpath=21&sn=6
㈜머치롤,[㈜머치롤] 인테리어 디자인팀 / 설계 실장 및 설계 경력 직원 모집,https://www.jobkorea.co.kr/Recruit/GI_Read/45303878?rPageCode=SL&logpath=21&sn=6
㈜와튼,하드웨어(H/W) 개발자 모집,https://www.jobkorea.co.kr/Recruit/GI_Read/45265114?rPageCode=SL&logpath=21&sn=6
주식회사 맨파워코리아,[외국계/정규직] 기계/화학/가스 설비 유지보수 채용,https://www.jobkorea.co.kr/Recruit/GI_Read/45301265?rPageCode=SL&logpath=21&sn=6
인사이트플러스,"(전액 무료) 3D프린팅 전문인력 양성교육(전주기 플라스틱, 전주기 메탈, SW, 치과기공, 의료기기, 주얼리, 자동차기계부품, 항공우주부품)",https://www.jobkorea.co.kr/Recruit/GI_Read/45300217?rPageCode=SL&logpath=21&sn=6
㈜하이엔드코리아,[LG이노텍]세전 월365만/ 대기업계약직/스마트폰부품생산/기숙사/통근차,https://www.jobkorea.co.kr/Recruit/GI_Read/45262965?rPageCode=SL&logpath=21&sn=6
㈜정림건축종합건축사사무소,정림 아카데미 디지털 유닛 2024년 제2기 수강생 모집,https://www.jobkorea.co.kr/Recruit/GI_Read/45248192?rPageCode=SL&logpath=21&sn=6
오토앤㈜,[경기도 안양] 제품 회로개발 담당자 채용,https://www.jobkorea.co.kr/Recruit/GI_Read/44992614?rPageCode=SL&logpath=21&sn=6
㈜ 아이엘에이치알,[성서4차LG협력업체] LCD관련 액정 필름 검사/가공/자재관리/품질측정/디스플레이 필름 및 테이프등생산 제조모집,https://www.jobkorea.co.kr/Recruit/GI_Read/45230968?rPageCode=SL&logpath=21&sn=6
㈜좋은일자리신영,[청주강내/상여금/벽지수당] PCB.3조2교대.정규직 채용(병역특례가능),https://www.jobkorea.co.kr/Recruit/GI_Read/45223153?rPageCode=SL&logpath=21&sn=6
㈜좋은일자리신영,[대전유성구탑립동/상여금] PCB.3조2교대.정규직 채용(병역특례가능),https://www.jobkorea.co.kr/Recruit/GI_Read/45223162?rPageCode=SL&logpath=21&sn=6
에스케이오션플랜트㈜,[72기] 조선.해양 배관/구조물 용접사 양성과정,https://www.jobkorea.co.kr/Recruit/GI_Read/45183082?rPageCode=SL&logpath=21&sn=6
㈜누리 앤 소방.전기.안전,(주)누리앤소방전기안전 2024년 하반기 각 부분별 신입/경력 채용,https://www.jobkorea.co.kr/Recruit/GI_Read/45182066?rPageCode=SL&logpath=21&sn=6
㈜현대CAD디자인직업전문학교,[국비무료취업교육] 국내/일본 // CATIAㆍNXㆍSolidworks(설계) // 기계설계 CAD/CAMㆍ3D프린팅 3D건축디자인 CADㆍBIM // 국내취업ㆍ일본취업(K-MOVE),https://www.jobkorea.co.kr/Recruit/GI_Read/45115952?rPageCode=SL&logpath=21&sn=6
현대건설㈜,[현대건설] 취업완성 아카데미 교육생 모집,https://www.jobkorea.co.kr/Recruit/GI_Read/45074027?rPageCode=SL&logpath=21&sn=6
커리어넷,[(주)케이엔알시스템] 자동차AVN평가 육아휴직 대체인력채용(정규직 전환),https://www.jobkorea.co.kr/Recruit/GI_Read/45304593?rPageCode=SL&logpath=21&sn=6
엠에스코리아,[이천] 1인기숙사 반도체 테스트 제조팀 장비기술팀 정규직 사원모집,https://www.jobkorea.co.kr/Recruit/GI_Read/45291574?rPageCode=SL&logpath=21&sn=6
㈜대형,"포장(사출)파트 ( 주야교대 ,정규직 전환 )남녀/주부가능[평촌][의왕]",https://www.jobkorea.co.kr/Recruit/GI_Read/45279304?rPageCode=SL&logpath=21&sn=6
㈜삼구아이앤씨,[세종로 대우빌딩] 기계대리 모집,https://www.jobkorea.co.kr/Recruit/GI_Read/45263595?rPageCode=SL&logpath=21&sn=6
에스엠케이,"[상여300즉시지급/기숙사1,2인실/통근버스/초보환영] 삼성 · LG · 애플 1차 협력사 신입 사원 채용",https://www.jobkorea.co.kr/Recruit/GI_Read/45302497?rPageCode=SL&logpath=21&sn=6
㈜지원,[연5100만가능]월400이상/상여금600만/대기업전자회사생산직/최우수복지/기숙사무료/경력및학력무관/통근버스운행/정규직가능/즉시출근가능,https://www.jobkorea.co.kr/Recruit/GI_Read/45306551?rPageCode=SL&logpath=21&sn=6
㈜아데코코리아,[글로벌자동차기업/QMP 프로젝트] Supplier Quality Engineer 채용 (Technical Consulting 관련 경력 우대),https://www.jobkorea.co.kr/Recruit/GI_Read/45302850?rPageCode=SL&logpath=21&sn=6
㈜알엔테크,"[아산인주공단/360-400] 기계조작/생산,CNC가공,(경력무관) MCT, 자동차 조향볼트 생산,제조",https://www.jobkorea.co.kr/Recruit/GI_Read/45291759?rPageCode=SL&logpath=21&sn=6
㈜맨파워코리아,[선유도/신입] 일본계 탑티어 전기 기업 그래픽 엔지니어 채용,https://www.jobkorea.co.kr/Recruit/GI_Read/45260293?rPageCode=SL&logpath=21&sn=6
한진리크루트,"[정규직]FPCB생산,포장,품질/월320-350만이상/3조2교대,2조2교대/통근버스",https://www.jobkorea.co.kr/Recruit/GI_Read/45219877?rPageCode=SL&logpath=21&sn=6
㈜스카우트,[명학역 / 외국계] 중견기업 자동차부품 개발 업무 지원 담당자 모집,https://www.jobkorea.co.kr/Recruit/GI_Read/44981463?rPageCode=SL&logpath=21&sn=6
㈜디앤티,(주)디앤티 H/W 개발 신입 엔지니어 채용,https://www.jobkorea.co.kr/Recruit/GI_Read/45312991?rPageCode=SL&logpath=21&sn=6
한일튜브㈜,자동차부품사 TI Automotive Program Manager 모집 (신입/경력),https://www.jobkorea.co.kr/Recruit/GI_Read/45311147?rPageCode=SL&logpath=21&sn=6
㈜케이씨텍,[전문연구요원] 반도체 장비 제어 SW 개발(병역특례),https://www.jobkorea.co.kr/Recruit/GI_Read/45310892?rPageCode=SL&logpath=21&sn=6
동양이엔피㈜,동양이엔피(주) 연구개발(R&D) 경력 채용(HW/SW),https://www.jobkorea.co.kr/Recruit/GI_Read/45310708?rPageCode=SL&logpath=21&sn=6
롯데건설㈜,"[계약직] 2024.9월 현장 PJ, 전문직 경력사원 모집(건축-40)",https://www.jobkorea.co.kr/Recruit/GI_Read/45310560?rPageCode=SL&logpath=21&sn=6
롯데건설㈜,"[계약직] 2024.9월 현장 PJ, 전문직 경력사원 모집(건축-39)",https://www.jobkorea.co.kr/Recruit/GI_Read/45310537?rPageCode=SL&logpath=21&sn=6
롯데건설㈜,"[계약직] 2024.9월 현장 PJ, 전문직 경력사원 모집(주택-38)",https://www.jobkorea.co.kr/Recruit/GI_Read/45310503?rPageCode=SL&logpath=21&sn=6
롯데건설㈜,"[계약직] 2024.9월 현장 PJ, 전문직 경력사원 모집(주택-37)",https://www.jobkorea.co.kr/Recruit/GI_Read/45310482?rPageCode=SL&logpath=21&sn=6
롯데건설㈜,"[계약직] 2024.9월 현장 PJ, 전문직 경력사원 모집(주택-36)",https://www.jobkorea.co.kr/Recruit/GI_Read/45310449?rPageCode=SL&logpath=21&sn=6
롯데건설㈜,"[계약직] 2024.9월 현장 PJ, 전문직 경력사원 모집(주택-35)",https://www.jobkorea.co.kr/Recruit/GI_Read/45310426?rPageCode=SL&logpath=21&sn=6
롯데건설㈜,"[계약직] 2024.9월 현장 PJ, 전문직 경력사원 모집(주택-34)",https://www.jobkorea.co.kr/Recruit/GI_Read/45310406?rPageCode=SL&logpath=21&sn=6
롯데건설㈜,"[계약직] 2024.9월 현장 PJ, 전문직 경력사원 모집(주택-33)",https://www.jobkorea.co.kr/Recruit/GI_Read/45310391?rPageCode=SL&logpath=21&sn=6
㈜범천정밀,"정밀프레스 금형설계, 개발 경력 모집",https://www.jobkorea.co.kr/Recruit/GI_Read/45310384?rPageCode=SL&logpath=21&sn=6
롯데건설㈜,"[계약직] 2024.9월 현장 PJ, 전문직 경력사원 모집(주택-32)",https://www.jobkorea.co.kr/Recruit/GI_Read/45310372?rPageCode=SL&logpath=21&sn=6
롯데건설㈜,"[계약직] 2024.9월 현장 PJ, 전문직 경력사원 모집(주택-31)",https://www.jobkorea.co.kr/Recruit/GI_Read/45310351?rPageCode=SL&logpath=21&sn=6
롯데건설㈜,"[계약직] 2024.9월 현장 PJ, 전문직 경력사원 모집(주택-30)",https://www.jobkorea.co.kr/Recruit/GI_Read/45310335?rPageCode=SL&logpath=21&sn=6
롯데건설㈜,"[계약직] 2024.9월 현장 PJ, 전문직 경력사원 모집(주택-29)",https://www.jobkorea.co.kr/Recruit/GI_Read/45310309?rPageCode=SL&logpath=21&sn=6
롯데건설㈜,"[계약직] 2024.9월 현장 PJ, 전문직 경력사원 모집(주택-28)",https://www.jobkorea.co.kr/Recruit/GI_Read/45310286?rPageCode=SL&logpath=21&sn=6
롯데건설㈜,"[계약직] 2024.9월 현장 PJ, 전문직 경력사원 모집(주택-27)",https://www.jobkorea.co.kr/Recruit/GI_Read/45310273?rPageCode=SL&logpath=21&sn=6
롯데건설㈜,"[계약직] 2024.9월 현장 PJ, 전문직 경력사원 모집(주택-26)",https://www.jobkorea.co.kr/Recruit/GI_Read/45310204?rPageCode=SL&logpath=21&sn=6
롯데건설㈜,"[계약직] 2024.9월 현장 PJ, 전문직 경력사원 모집(주택-25)",https://www.jobkorea.co.kr/Recruit/GI_Read/45310175?rPageCode=SL&logpath=21&sn=6
롯데건설㈜,"[계약직] 2024.9월 현장 PJ, 전문직 경력사원 모집(주택-24)",https://www.jobkorea.co.kr/Recruit/GI_Read/45310144?rPageCode=SL&logpath=21&sn=6
롯데건설㈜,"[계약직] 2024.9월 현장 PJ, 전문직 경력사원 모집(주택-23)",https://www.jobkorea.co.kr/Recruit/GI_Read/45310110?rPageCode=SL&logpath=21&sn=6
롯데건설㈜,"[계약직] 2024.9월 현장 PJ, 전문직 경력사원 모집(주택-22)",https://www.jobkorea.co.kr/Recruit/GI_Read/45310082?rPageCode=SL&logpath=21&sn=6
롯데건설㈜,"[계약직] 2024.9월 현장 PJ, 전문직 경력사원 모집(주택-21)",https://www.jobkorea.co.kr/Recruit/GI_Read/45310070?rPageCode=SL&logpath=21&sn=6
롯데건설㈜,"[계약직] 2024.9월 현장 PJ, 전문직 경력사원 모집(플랜트-20)",https://www.jobkorea.co.kr/Recruit/GI_Read/45310023?rPageCode=SL&logpath=21&sn=6
롯데건설㈜,"[계약직] 2024.9월 현장 PJ, 전문직 경력사원 모집(플랜트-19)",https://www.jobkorea.co.kr/Recruit/GI_Read/45310003?rPageCode=SL&logpath=21&sn=6
롯데건설㈜,"[계약직] 2024.9월 현장 PJ, 전문직 경력사원 모집(플랜트-18)",https://www.jobkorea.co.kr/Recruit/GI_Read/45309975?rPageCode=SL&logpath=21&sn=6
롯데건설㈜,"[계약직] 2024.9월 현장 PJ, 전문직 경력사원 모집(플랜트-17)",https://www.jobkorea.co.kr/Recruit/GI_Read/45309921?rPageCode=SL&logpath=21&sn=6
롯데건설㈜,"[계약직] 2024.9월 현장 PJ, 전문직 경력사원 모집(플랜트-16)",https://www.jobkorea.co.kr/Recruit/GI_Read/45309904?rPageCode=SL&logpath=21&sn=6
롯데건설㈜,"[계약직] 2024.9월 현장 PJ, 전문직 경력사원 모집(플랜트-15)",https://www.jobkorea.co.kr/Recruit/GI_Read/45309891?rPageCode=SL&logpath=21&sn=6
롯데건설㈜,"[계약직] 2024.9월 현장 PJ, 전문직 경력사원 모집(플랜트-14)",https://www.jobkorea.co.kr/Recruit/GI_Read/45309840?rPageCode=SL&logpath=21&sn=6
롯데건설㈜,"[계약직] 2024.9월 현장 PJ, 전문직 경력사원 모집(플랜트-13)",https://www.jobkorea.co.kr/Recruit/GI_Read/45309802?rPageCode=SL&logpath=21&sn=6
롯데건설㈜,"[계약직] 2024.9월 현장 PJ, 전문직 경력사원 모집(플랜트-12)",https://www.jobkorea.co.kr/Recruit/GI_Read/45309764?rPageCode=SL&logpath=21&sn=6
롯데건설㈜,"[계약직] 2024.9월 현장 PJ, 전문직 경력사원 모집(플랜트-11)",https://www.jobkorea.co.kr/Recruit/GI_Read/45309746?rPageCode=SL&logpath=21&sn=6
롯데건설㈜,"[계약직] 2024.9월 현장 PJ, 전문직 경력사원 모집(플랜트-10)",https://www.jobkorea.co.kr/Recruit/GI_Read/45309709?rPageCode=SL&logpath=21&sn=6
롯데건설㈜,"[계약직] 2024.9월 현장 PJ, 전문직 경력사원 모집(플랜트-9)",https://www.jobkorea.co.kr/Recruit/GI_Read/45309665?rPageCode=SL&logpath=21&sn=6
롯데건설㈜,"[계약직] 2024.9월 현장 PJ, 전문직 경력사원 모집(플랜트-8)",https://www.jobkorea.co.kr/Recruit/GI_Read/45309653?rPageCode=SL&logpath=21&sn=6
롯데건설㈜,"[계약직] 2024.9월 현장 PJ, 전문직 경력사원 모집(플랜트-7)",https://www.jobkorea.co.kr/Recruit/GI_Read/45309624?rPageCode=SL&logpath=21&sn=6
롯데건설㈜,"[계약직] 2024.9월 현장 PJ, 전문직 경력사원 모집(플랜트-6)",https://www.jobkorea.co.kr/Recruit/GI_Read/45309570?rPageCode=SL&logpath=21&sn=6
롯데건설㈜,"[계약직] 2024.9월 현장 PJ, 전문직 경력사원 모집(플랜트-5)",https://www.jobkorea.co.kr/Recruit/GI_Read/45309557?rPageCode=SL&logpath=21&sn=6
롯데건설㈜,"[계약직] 2024.9월 현장 PJ, 전문직 경력사원 모집(플랜트-4)",https://www.jobkorea.co.kr/Recruit/GI_Read/45309515?rPageCode=SL&logpath=21&sn=6
㈜KCC건설,2024년 대졸 신입사원 및 각 부문별 경력사원 모집,https://www.jobkorea.co.kr/Recruit/GI_Read/45309300?rPageCode=SL&logpath=21&sn=6
롯데건설㈜,"[계약직] 2024.9월 현장 PJ, 전문직 경력사원 모집(토목-3)",https://www.jobkorea.co.kr/Recruit/GI_Read/45309426?rPageCode=SL&logpath=21&sn=6
힐티코리아㈜,[외국계/힐티코리아] Business Developer - Industry,https://www.jobkorea.co.kr/Recruit/GI_Read/45306836?rPageCode=SL&logpath=21&sn=6
롯데건설㈜,"[계약직] 2024.9월 현장 PJ, 전문직 경력사원 모집(토목-2)",https://www.jobkorea.co.kr/Recruit/GI_Read/45309404?rPageCode=SL&logpath=21&sn=6
버슘머트리얼즈코리아㈜,"Mechanical Design Engineer (장비 설계, 1년 계약직, 안산 근무)",https://www.jobkorea.co.kr/Recruit/GI_Read/45309367?rPageCode=SL&logpath=21&sn=6
롯데건설㈜,"[계약직] 2024.9월 현장 PJ, 전문직 경력사원 모집(토목-1)",https://www.jobkorea.co.kr/Recruit/GI_Read/45309347?rPageCode=SL&logpath=21&sn=6
서희그룹,(주)서희건설 광양사업소 사업소토목관리 신입 및 경력 채용,https://www.jobkorea.co.kr/Recruit/GI_Read/45309124?rPageCode=SL&logpath=21&sn=6
에이테크솔루션,"[중견, 금형업계1위] ]기구 설계 인재모집(화성)",https://www.jobkorea.co.kr/Recruit/GI_Read/45308247?rPageCode=SL&logpath=21&sn=6
㈜미라콤아이앤씨,[미라콤아이앤씨(삼성SDS 자회사)] 2024 경력사원 채용 (설비제어개발),https://www.jobkorea.co.kr/Recruit/GI_Read/45308180?rPageCode=SL&logpath=21&sn=6
한국써몬㈜,"[경력/과장,차장급] Heat tracing system / Project Manager (서울, 정규직)",https://www.jobkorea.co.kr/Recruit/GI_Read/45303408?rPageCode=SL&logpath=21&sn=6
삼영기계㈜,기술연구소 인재 채용 (기계설계 분야) - 경력,https://www.jobkorea.co.kr/Recruit/GI_Read/45303276?rPageCode=SL&logpath=21&sn=6
에즈웰플러스,[신입/경력] 스토리지 엔지니어 채용 (이천),https://www.jobkorea.co.kr/Recruit/GI_Read/45303001?rPageCode=SL&logpath=21&sn=6
㈜가우리안,흙막이가시설 설계 직원모집( 경력),https://www.jobkorea.co.kr/Recruit/GI_Read/45302957?rPageCode=SL&logpath=21&sn=6
㈜가우리안,건축 구조 설계 직원(신입/경력) 모집,https://www.jobkorea.co.kr/Recruit/GI_Read/45302940?rPageCode=SL&logpath=21&sn=6
이타스코리아㈜,[이타스코리아]DEV Field Application Engineer 정규직 채용(신입/경력),https://www.jobkorea.co.kr/Recruit/GI_Read/45302104?rPageCode=SL&logpath=21&sn=6
㈜유에스티,반도체장비 전장설계 및 시스템 응용소프트웨어 개발자 채용,https://www.jobkorea.co.kr/Recruit/GI_Read/45301915?rPageCode=SL&logpath=21&sn=6
㈜타이거일렉,PCB 생산 사양관리 경력 사원 모집,https://www.jobkorea.co.kr/Recruit/GI_Read/45300096?rPageCode=SL&logpath=21&sn=6
콘티넨탈 오토모티브 일렉트로닉스 유한회사,콘티넨탈 생산관리 인재 채용,https://www.jobkorea.co.kr/Recruit/GI_Read/45300051?rPageCode=SL&logpath=21&sn=6
㈜코텍,(주)코텍 회로설계 신입사원 채용,https://www.jobkorea.co.kr/Recruit/GI_Read/45306206?rPageCode=SL&logpath=21&sn=6
아남전자㈜,아남전자(주) 기구팀(기구설계) 경력직 채용,https://www.jobkorea.co.kr/Recruit/GI_Read/45305429?rPageCode=SL&logpath=21&sn=6
한국써몬㈜,"[경력/신입가능]CAD/Document Controller [서울근무, 6개월 계약직 모집인원 0명]",https://www.jobkorea.co.kr/Recruit/GI_Read/45303442?rPageCode=SL&logpath=21&sn=6
㈜듀어코리아,[자동차도장설비] Booth Engineer (신입),https://www.jobkorea.co.kr/Recruit/GI_Read/45302945?rPageCode=SL&logpath=21&sn=6
에이테크솔루션,"[중견, 금형업계1위] 개발 부문 인재모집(천안)",https://www.jobkorea.co.kr/Recruit/GI_Read/45301472?rPageCode=SL&logpath=21&sn=6
슈나이더일렉트릭코리아,[슈나이더 일렉트릭] Customer Project Technical engineer for e-Mobility (Switchboard),https://www.jobkorea.co.kr/Recruit/GI_Read/45301034?rPageCode=SL&logpath=21&sn=6
콘티넨탈 오토모티브 일렉트로닉스 유한회사,콘티넨탈 [시스템 디자인 & 통합 엔지니어] 연구개발 인재 채용,https://www.jobkorea.co.kr/Recruit/GI_Read/45299976?rPageCode=SL&logpath=21&sn=6
㈜소노인터내셔널,[소노벨 천안] 시설팀 기계직무 경력 인재 채용,https://www.jobkorea.co.kr/Recruit/GI_Read/45298503?rPageCode=SL&logpath=21&sn=6
태하메카트로닉스㈜,임베디드 전자개발 신입/경력 직원모집,https://www.jobkorea.co.kr/Recruit/GI_Read/45299031?rPageCode=SL&logpath=21&sn=6
삼성이앤에이㈜,일반계약직 경력채용 - 수처리 기계설계,https://www.jobkorea.co.kr/Recruit/GI_Read/45296718?rPageCode=SL&logpath=21&sn=6
삼성이앤에이㈜,일반계약직 경력채용 - 수처리 공정설계,https://www.jobkorea.co.kr/Recruit/GI_Read/45296707?rPageCode=SL&logpath=21&sn=6
삼성이앤에이㈜,프로젝트계약직 경력채용 - 현장관리,https://www.jobkorea.co.kr/Recruit/GI_Read/45296694?rPageCode=SL&logpath=21&sn=6
삼성이앤에이㈜,프로젝트계약직 경력채용 - 화공플랜트 품질관리(QA/QC),https://www.jobkorea.co.kr/Recruit/GI_Read/45296682?rPageCode=SL&logpath=21&sn=6
삼성이앤에이㈜,프로젝트계약직 경력채용 - 보건관리자,https://www.jobkorea.co.kr/Recruit/GI_Read/45296671?rPageCode=SL&logpath=21&sn=6
삼성이앤에이㈜,프로젝트계약직 경력채용 - 안전관리자(해외),https://www.jobkorea.co.kr/Recruit/GI_Read/45296658?rPageCode=SL&logpath=21&sn=6
삼성이앤에이㈜,프로젝트계약직 경력채용 - 화공플랜트 공사 Planner,https://www.jobkorea.co.kr/Recruit/GI_Read/45296645?rPageCode=SL&logpath=21&sn=6
삼성이앤에이㈜,프로젝트계약직 경력채용 - 화공플랜트 Heavy Rigging,https://www.jobkorea.co.kr/Recruit/GI_Read/45296639?rPageCode=SL&logpath=21&sn=6
삼성이앤에이㈜,프로젝트계약직 경력채용 - 화공플랜트 시공관리(국내),https://www.jobkorea.co.kr/Recruit/GI_Read/45296633?rPageCode=SL&logpath=21&sn=6
삼성이앤에이㈜,프로젝트계약직 경력채용 - 화공플랜트 시공관리(해외),https://www.jobkorea.co.kr/Recruit/GI_Read/45296623?rPageCode=SL&logpath=21&sn=6
삼성이앤에이㈜,프로젝트계약직 경력채용 - 화공플랜트 공사Cost관리,https://www.jobkorea.co.kr/Recruit/GI_Read/45296604?rPageCode=SL&logpath=21&sn=6
삼성이앤에이㈜,프로젝트계약직 경력채용 - 화공플랜트 자재관리,https://www.jobkorea.co.kr/Recruit/GI_Read/45296595?rPageCode=SL&logpath=21&sn=6
삼성이앤에이㈜,프로젝트계약직 경력채용 - 기자재 검사관리,https://www.jobkorea.co.kr/Recruit/GI_Read/45296583?rPageCode=SL&logpath=21&sn=6
삼성이앤에이㈜,프로젝트계약직 경력채용 - 화공플랜트 시운전,https://www.jobkorea.co.kr/Recruit/GI_Read/45296568?rPageCode=SL&logpath=21&sn=6
삼성이앤에이㈜,프로젝트계약직 경력채용 - 산업환경플랜트 제어설계,https://www.jobkorea.co.kr/Recruit/GI_Read/45296559?rPageCode=SL&logpath=21&sn=6
삼성이앤에이㈜,프로젝트계약직 경력채용 - 화공플랜트 문서관리,https://www.jobkorea.co.kr/Recruit/GI_Read/45296541?rPageCode=SL&logpath=21&sn=6
삼성이앤에이㈜,프로젝트계약직 경력채용 - 화공플랜트 Cost관리,https://www.jobkorea.co.kr/Recruit/GI_Read/45296525?rPageCode=SL&logpath=21&sn=6
삼성이앤에이㈜,프로젝트계약직 경력채용 - 화공플랜트 프로젝트운영,https://www.jobkorea.co.kr/Recruit/GI_Read/45296475?rPageCode=SL&logpath=21&sn=6
에즈웰플러스,[경력] Dell Technologies X86 서버(GPU) 엔지니어 채용,https://www.jobkorea.co.kr/Recruit/GI_Read/45296396?rPageCode=SL&logpath=21&sn=6
㈜비즈테크아이,[LG CNS 자회사] 공정물류 전장·제어/기구 설계 및 구축 경력직 채용,https://www.jobkorea.co.kr/Recruit/GI_Read/45295494?rPageCode=SL&logpath=21&sn=6
다산기공㈜,기계절삭가공 관련 생산기술,https://www.jobkorea.co.kr/Recruit/GI_Read/45293677?rPageCode=SL&logpath=21&sn=6
(유)신일정밀,신일정밀 그룹사 설계 신입/경력 모집,https://www.jobkorea.co.kr/Recruit/GI_Read/45293352?rPageCode=SL&logpath=21&sn=6
현대로템㈜,[현대로템] 동북선 PSD 담당자 모집,https://www.jobkorea.co.kr/Recruit/GI_Read/45292010?rPageCode=SL&logpath=21&sn=6
롯데건설㈜,"[계약직] 2024.9월 현장 PJ, 전문직 경력사원 모집",https://www.jobkorea.co.kr/Recruit/GI_Read/45291793?rPageCode=SL&logpath=21&sn=6
㈜에이피알,[R&D] 기구설계 엔지니어 경력사원 모집,https://www.jobkorea.co.kr/Recruit/GI_Read/45291591?rPageCode=SL&logpath=21&sn=6
네이버랩스,[ALIKE Solution] Computer Vision / 3D Recon. Research Engineer,https://www.jobkorea.co.kr/Recruit/GI_Read/45289772?rPageCode=SL&logpath=21&sn=6
㈜휴레브,생산기술부를 이끌어 갈 인재를 모십니다,https://www.jobkorea.co.kr/Recruit/GI_Read/45296839?rPageCode=SL&logpath=21&sn=6
㈜상아프론테크,레이저 용접 개발 3년이상 전문가 모집,https://www.jobkorea.co.kr/Recruit/GI_Read/45296543?rPageCode=SL&logpath=21&sn=6
(재)한국기계전기전자시험연구원,전기차충전기술센터 연구과제 업무 보조 계약직 모집,https://www.jobkorea.co.kr/Recruit/GI_Read/45294257?rPageCode=SL&logpath=21&sn=6
㈜한울반도체,머신비전시스템 S/W 개발 분야 모집,https://www.jobkorea.co.kr/Recruit/GI_Read/45293828?rPageCode=SL&logpath=21&sn=6
㈜동연디자인,[디자인팀] 의자 개발 담당자,https://www.jobkorea.co.kr/Recruit/GI_Read/45292479?rPageCode=SL&logpath=21&sn=6
중앙아이엔티㈜,"수처리자동제어, 계장제어장치, PLC 설계",https://www.jobkorea.co.kr/Recruit/GI_Read/45291139?rPageCode=SL&logpath=21&sn=6
슈어소프트테크㈜,[슈어소프트테크] 2024년 하반기 경력 채용,https://www.jobkorea.co.kr/Recruit/GI_Read/45289230?rPageCode=SL&logpath=21&sn=6
㈜라온테크,[라온테크] 기술연구소 로봇&시스템팀 채용 공고(기구설계 부문),https://www.jobkorea.co.kr/Recruit/GI_Read/45297248?rPageCode=SL&logpath=21&sn=6
한국에스지에스 ㈜,SGS Korea 군포 총무담당자 모집,https://www.jobkorea.co.kr/Recruit/GI_Read/45295115?rPageCode=SL&logpath=21&sn=6
㈜엠씨넥스,(주)엠씨넥스 연구소(SW) 경력직 채용의 건,https://www.jobkorea.co.kr/Recruit/GI_Read/45288212?rPageCode=SL&logpath=21&sn=6
에이에스엠엘코리아㈜,[ASML] GSC EUV Korea engineer,https://www.jobkorea.co.kr/Recruit/GI_Read/45287226?rPageCode=SL&logpath=21&sn=6
한화임팩트㈜,계기 설비 정비 전문직 신입 채용 (울산),https://www.jobkorea.co.kr/Recruit/GI_Read/45284735?rPageCode=SL&logpath=21&sn=6
한화임팩트㈜,기계 설비 정비 전문직 신입 채용 (울산),https://www.jobkorea.co.kr/Recruit/GI_Read/45284726?rPageCode=SL&logpath=21&sn=6
한화임팩트㈜,기계/계기 설비 정비 전문직 신입 채용 (울산),https://www.jobkorea.co.kr/Recruit/GI_Read/45284695?rPageCode=SL&logpath=21&sn=6
㈜켐옵틱스,광트랜시버 소프트웨어 개발 담당자 모집,https://www.jobkorea.co.kr/Recruit/GI_Read/45284594?rPageCode=SL&logpath=21&sn=6
㈜켐옵틱스,광트랜시버 하드웨어 개발 담당자 모집,https://www.jobkorea.co.kr/Recruit/GI_Read/45284584?rPageCode=SL&logpath=21&sn=6
한화파워시스템㈜,24년(하) 선박솔루션사업 경력사원 채용 - 수출입 통관 및 자재 관리,https://www.jobkorea.co.kr/Recruit/GI_Read/45284426?rPageCode=SL&logpath=21&sn=6
한화파워시스템㈜,24년(하) 선박솔루션사업 경력사원 채용 - 솔루션영업,https://www.jobkorea.co.kr/Recruit/GI_Read/45284404?rPageCode=SL&logpath=21&sn=6
한화파워시스템㈜,24년(하) 선박솔루션사업 경력사원 채용 - 선박사업기획,https://www.jobkorea.co.kr/Recruit/GI_Read/45284392?rPageCode=SL&logpath=21&sn=6
한화파워시스템㈜,24년(하) 선박솔루션사업 경력사원 채용 - 기장철의설계(Retrofit기술영업),https://www.jobkorea.co.kr/Recruit/GI_Read/45284376?rPageCode=SL&logpath=21&sn=6
한화파워시스템㈜,24년(하) 선박솔루션사업 경력사원 채용 - 전장 설계(영업&기본설계),https://www.jobkorea.co.kr/Recruit/GI_Read/45284365?rPageCode=SL&logpath=21&sn=6
한화파워시스템㈜,24년(하) 선박솔루션사업 경력사원 채용 - 기장철의설계(영업&기본설계),https://www.jobkorea.co.kr/Recruit/GI_Read/45284346?rPageCode=SL&logpath=21&sn=6
한화파워시스템㈜,24년(하) 선박솔루션사업 경력사원 채용 - 구조기본설계(영업&기본설계),https://www.jobkorea.co.kr/Recruit/GI_Read/45284328?rPageCode=SL&logpath=21&sn=6
한화파워시스템㈜,24년(하) 선박솔루션사업 경력사원 채용,https://www.jobkorea.co.kr/Recruit/GI_Read/45284289?rPageCode=SL&logpath=21&sn=6
한화파워시스템㈜,R&D process engineer 경력 채용,https://www.jobkorea.co.kr/Recruit/GI_Read/45282316?rPageCode=SL&logpath=21&sn=6
한화파워시스템㈜,설계 경력사원 채용 - 열교환기 설계,https://www.jobkorea.co.kr/Recruit/GI_Read/45282207?rPageCode=SL&logpath=21&sn=6
한화파워시스템㈜,설계 경력사원 채용 - 상세설계,https://www.jobkorea.co.kr/Recruit/GI_Read/45282193?rPageCode=SL&logpath=21&sn=6
한화파워시스템㈜,설계 경력사원 채용 - 보기부대설비 설계,https://www.jobkorea.co.kr/Recruit/GI_Read/45282185?rPageCode=SL&logpath=21&sn=6
한화파워시스템㈜,설계 경력사원 채용,https://www.jobkorea.co.kr/Recruit/GI_Read/45282134?rPageCode=SL&logpath=21&sn=6
한화파워시스템㈜,전장설계 경력사원 채용,https://www.jobkorea.co.kr/Recruit/GI_Read/45281898?rPageCode=SL&logpath=21&sn=6
비에이치아이㈜,비에이치아이(주) 일본인 전용 채용,https://www.jobkorea.co.kr/Recruit/GI_Read/45279987?rPageCode=SL&logpath=21&sn=6
다인정공,로봇자동화(로봇제어) 담당자 채용 [시흥],https://www.jobkorea.co.kr/Recruit/GI_Read/45279572?rPageCode=SL&logpath=21&sn=6
다인정공,로봇자동화(기술영업) 담당자 채용 [시흥],https://www.jobkorea.co.kr/Recruit/GI_Read/45279521?rPageCode=SL&logpath=21&sn=6
㈜네오티스,[자동화설비개발팀] 설비 보전 경력/신입사원 채용,https://www.jobkorea.co.kr/Recruit/GI_Read/45278500?rPageCode=SL&logpath=21&sn=6
㈜엘앤에프,"(주)엘앤에프 생산기술부문(기구, 제어) 신입/경력사원 채용",https://www.jobkorea.co.kr/Recruit/GI_Read/45278292?rPageCode=SL&logpath=21&sn=6
㈜엠씨넥스,㈜엠씨넥스 시스템사업실 기구설계 직원 모집의 건,https://www.jobkorea.co.kr/Recruit/GI_Read/45288196?rPageCode=SL&logpath=21&sn=6
㈜테키스트,반도체공정 Trap장비 엔지니어 모집,https://www.jobkorea.co.kr/Recruit/GI_Read/45287327?rPageCode=SL&logpath=21&sn=6
㈜고우넷,[성수동] Laptop & Tablet PC A/S Center 엔지니어 경력직,https://www.jobkorea.co.kr/Recruit/GI_Read/45285480?rPageCode=SL&logpath=21&sn=6
㈜대승,생산기술 사원 모집,https://www.jobkorea.co.kr/Recruit/GI_Read/45284479?rPageCode=SL&logpath=21&sn=6
㈜타이거일렉,"PCB 제조 사양관리 신입,경력 사원 모집",https://www.jobkorea.co.kr/Recruit/GI_Read/45284042?rPageCode=SL&logpath=21&sn=6
㈜오상헬스케어,(주)오상헬스케어 개발분야 경력직 모집 (FW개발),https://www.jobkorea.co.kr/Recruit/GI_Read/45283989?rPageCode=SL&logpath=21&sn=6
㈜덴티움,덴티움 고객지원팀(CT) 인재 모집,https://www.jobkorea.co.kr/Recruit/GI_Read/45279696?rPageCode=SL&logpath=21&sn=6
㈜뉴옵틱스,(주)뉴옵틱스 - 인도네시아 해외법인 개발업무 담당자 현채인 채용 (채용대상자 : 한국 국적자),https://www.jobkorea.co.kr/Recruit/GI_Read/45278632?rPageCode=SL&logpath=21&sn=6
㈜시스윈로보틱스,"기구설계 [자율주행로봇 (AMR) / 반도체,디스플레이 설비] 경력직 모집",https://www.jobkorea.co.kr/Recruit/GI_Read/45278003?rPageCode=SL&logpath=21&sn=6
㈜에스엠코어,(주)에스엠코어 System Engineering(SE) 채용의 건,https://www.jobkorea.co.kr/Recruit/GI_Read/45287534?rPageCode=SL&logpath=21&sn=6
㈜웨이브일렉트로닉스,방산부문 H/W 개발,https://www.jobkorea.co.kr/Recruit/GI_Read/45284999?rPageCode=SL&logpath=21&sn=6
Atlas Copco Korea㈜,[아트라스콥코코리아] 필드 서비스 엔지니어 인턴 (용인),https://www.jobkorea.co.kr/Recruit/GI_Read/45284192?rPageCode=SL&logpath=21&sn=6
㈜덴티움,덴티움 고객지원팀(Chair) 인재 모집,https://www.jobkorea.co.kr/Recruit/GI_Read/45279684?rPageCode=SL&logpath=21&sn=6
코스텍시스템㈜,반도체 장비 제조기술팀 경력직 채용,https://www.jobkorea.co.kr/Recruit/GI_Read/45279683?rPageCode=SL&logpath=21&sn=6
㈜티아이티이엔지,기술연구소 HW설계 경력연구원 채용의 건,https://www.jobkorea.co.kr/Recruit/GI_Read/45278964?rPageCode=SL&logpath=21&sn=6
㈜티아이티이엔지,기술연구소 메카설계 경력연구원 채용의 건,https://www.jobkorea.co.kr/Recruit/GI_Read/45278945?rPageCode=SL&logpath=21&sn=6
㈜타이거일렉,"㈜타이거일렉 PCB제조 생산직 사원 모집(F4, 보충역가능)",https://www.jobkorea.co.kr/Recruit/GI_Read/45284005?rPageCode=SL&logpath=21&sn=6
㈜티아이티이엔지,기술연구소 FW설계 신입 및 경력연구원 채용의 건,https://www.jobkorea.co.kr/Recruit/GI_Read/45278988?rPageCode=SL&logpath=21&sn=6
㈜네오티스,전장연구소 차량 전자시스템 소프트웨어 개발 및 검증,https://www.jobkorea.co.kr/Recruit/GI_Read/45278503?rPageCode=SL&logpath=21&sn=6
㈜모다이노칩,부설연구소 신입/경력 모집(세라믹 수동부품 엔지니어),https://www.jobkorea.co.kr/Recruit/GI_Read/45285908?rPageCode=SL&logpath=21&sn=6
로드801주식회사,[월 230만-240만] 송도24시간 셀프주유소 주간 직원 채용,https://www.jobkorea.co.kr/Recruit/GI_Read/45279580?rPageCode=SL&logpath=21&sn=6
태양금속공업㈜,개발팀 신입/경력사원 채용공고 (정규직),https://www.jobkorea.co.kr/Recruit/GI_Read/45286833?rPageCode=SL&logpath=21&sn=6
광명산업㈜,광명산업(주) 중앙연구소 생산기술팀 채용 공고,https://www.jobkorea.co.kr/Recruit/GI_Read/45280953?rPageCode=SL&logpath=21&sn=6
㈜바텍,[바텍] 구매 경력직 채용,https://www.jobkorea.co.kr/Recruit/GI_Read/45288061?rPageCode=SL&logpath=21&sn=6
㈜에스엠코어,(주)에스엠코어 기계 설계 채용의 건,https://www.jobkorea.co.kr/Recruit/GI_Read/45287514?rPageCode=SL&logpath=21&sn=6
㈜마스테코,"이천, 감곡공장 기계설비유지보수 채용공고",https://www.jobkorea.co.kr/Recruit/GI_Read/45277701?rPageCode=SL&logpath=21&sn=6
㈜제노코,"(주)제노코 제품기술연구소 S/W, H/W 경력직 채용",https://www.jobkorea.co.kr/Recruit/GI_Read/45150037?rPageCode=SL&logpath=21&sn=6
㈜팬코,공무부 경력사원 채용,https://www.jobkorea.co.kr/Recruit/GI_Read/45272240?rPageCode=SL&logpath=21&sn=6
㈜와이솔,(주)와이솔 개발기획팀 설계/분석 부문 신입 채용(학사),https://www.jobkorea.co.kr/Recruit/GI_Read/45273220?rPageCode=SL&logpath=21&sn=6
삼성전기,"MLCC, 패키지 기판 부문 경력채용 - 설비개발",https://www.jobkorea.co.kr/Recruit/GI_Read/45273012?rPageCode=SL&logpath=21&sn=6
삼성전기,"MLCC, 패키지 기판 부문 경력채용 - 제품설계",https://www.jobkorea.co.kr/Recruit/GI_Read/45273001?rPageCode=SL&logpath=21&sn=6
삼성전기,"MLCC, 패키지 기판 부문 경력채용 - 공정개발",https://www.jobkorea.co.kr/Recruit/GI_Read/45272991?rPageCode=SL&logpath=21&sn=6
삼성전기,"MLCC, 패키지 기판 부문 경력채용 - 재료개발",https://www.jobkorea.co.kr/Recruit/GI_Read/45272979?rPageCode=SL&logpath=21&sn=6
삼성전기,"MLCC, 패키지 기판 부문 경력채용",https://www.jobkorea.co.kr/Recruit/GI_Read/45272957?rPageCode=SL&logpath=21&sn=6
SK C&C,"Digital Factory 물류자동화 기구, 전장/제어 담당자 영입",https://www.jobkorea.co.kr/Recruit/GI_Read/45272940?rPageCode=SL&logpath=21&sn=6
오스템임플란트㈜,오스템임플란트 글로벌 / 연구·개발 / IT·SW / 생산·물류 / 인테리어·디자인 / 경영지원 / 영업·마케팅 채용,https://www.jobkorea.co.kr/Recruit/GI_Read/45271959?rPageCode=SL&logpath=21&sn=6
동양건설산업,[동양건설산업/라인건설]기계 경력직 채용 공고,https://www.jobkorea.co.kr/Recruit/GI_Read/45272172?rPageCode=SL&logpath=21&sn=6
현대중공업,해양에너지) 선장설계 PJT 기간제 모집,https://www.jobkorea.co.kr/Recruit/GI_Read/45272245?rPageCode=SL&logpath=21&sn=6
현대중공업,해양에너지) 배관설계 PJT 기간제 모집,https://www.jobkorea.co.kr/Recruit/GI_Read/45272224?rPageCode=SL&logpath=21&sn=6
현대중공업,"해양에너지) 배관, 선장설계 PJT 기간제 모집",https://www.jobkorea.co.kr/Recruit/GI_Read/45272163?rPageCode=SL&logpath=21&sn=6
쌍용건설,"2024년 8월 경력직 채용 - 시공, 사업관리(토목/기계/전기)",https://www.jobkorea.co.kr/Recruit/GI_Read/45268564?rPageCode=SL&logpath=21&sn=6
쌍용건설,2024년 8월 경력직 채용 - 설계(발전소/연료전지),https://www.jobkorea.co.kr/Recruit/GI_Read/45268538?rPageCode=SL&logpath=21&sn=6
쌍용건설,2024년 8월 경력직 채용,https://www.jobkorea.co.kr/Recruit/GI_Read/45268517?rPageCode=SL&logpath=21&sn=6
한화이센셜㈜,공정기계(설계) 경력사원 채용,https://www.jobkorea.co.kr/Recruit/GI_Read/45267757?rPageCode=SL&logpath=21&sn=6
㈜한화,[글로벌부문] Bio Chemical 공정 R&D 경력 채용,https://www.jobkorea.co.kr/Recruit/GI_Read/45267466?rPageCode=SL&logpath=21&sn=6
한국에스지에스 ㈜,SGS Korea 기계 인증 영업 신입 모집,https://www.jobkorea.co.kr/Recruit/GI_Read/45266814?rPageCode=SL&logpath=21&sn=6
㈜티와이엠,TYM 신입 및 경력사원 모집 (전북/익산),https://www.jobkorea.co.kr/Recruit/GI_Read/45266555?rPageCode=SL&logpath=21&sn=6
AP시스템㈜,24년 AP시스템 경력사원 채용,https://www.jobkorea.co.kr/Recruit/GI_Read/45265272?rPageCode=SL&logpath=21&sn=6
하이버스㈜,"디스플레이 검사 장비 기술 개발 및 운영 엔지니어 모집(SW,HW)",https://www.jobkorea.co.kr/Recruit/GI_Read/45274447?rPageCode=SL&logpath=21&sn=6
㈜한미엔텍,"[도레이그룹 자회사]평택공공하수처리장운영관리(수질분야, 전기분야, 기계분야, 상하수도관련분야)",https://www.jobkorea.co.kr/Recruit/GI_Read/45268933?rPageCode=SL&logpath=21&sn=6
대아티아이㈜,[상장사] 임베디드 응용 펌웨어 개발직 채용 (경력 2년/5년 이상),https://www.jobkorea.co.kr/Recruit/GI_Read/45240728?rPageCode=SL&logpath=21&sn=6
엠케이프리시젼㈜,연구소 회로설계 연구원 신입/경력 채용,https://www.jobkorea.co.kr/Recruit/GI_Read/45274570?rPageCode=SL&logpath=21&sn=6
㈜영진정공,(주)영진정공 기술연구소 신입/경력 채용,https://www.jobkorea.co.kr/Recruit/GI_Read/45267475?rPageCode=SL&logpath=21&sn=6
㈜미래시스템,"S/W, H/W 개발팀 신입 및 경력 채용공고 (지역 - 경기도 용인)",https://www.jobkorea.co.kr/Recruit/GI_Read/45270548?rPageCode=SL&logpath=21&sn=6
㈜우전,베트남법인 사출금형 설계 경력사원 모집 (현지법인 소속 채용),https://www.jobkorea.co.kr/Recruit/GI_Read/45269817?rPageCode=SL&logpath=21&sn=6
한일튜브㈜,자동차부품사 울산공장 생산기술팀 사무직 모집(공정관리/PLC),https://www.jobkorea.co.kr/Recruit/GI_Read/45269351?rPageCode=SL&logpath=21&sn=6
로지스올그룹,로지스올엔지니어링 신입/경력사원 채용,https://www.jobkorea.co.kr/Recruit/GI_Read/45261798?rPageCode=SL&logpath=21&sn=6
㈜동해그룹,(주)동해종합기술공사 수자원부 경력직원 채용공고,https://www.jobkorea.co.kr/Recruit/GI_Read/45263024?rPageCode=SL&logpath=21&sn=6
테슬라코리아(유),"[Tesla] Supplier Industrialization Engineer (Display), Seoul, Korea",https://www.jobkorea.co.kr/Recruit/GI_Read/45262785?rPageCode=SL&logpath=21&sn=6
테슬라코리아(유),"[Tesla] Battery Process Engineer, Hwaseong, Gyeonggi, Korea",https://www.jobkorea.co.kr/Recruit/GI_Read/45262774?rPageCode=SL&logpath=21&sn=6
금성에이스산업㈜,금성에이스산업(주) 설계 담당자 모집,https://www.jobkorea.co.kr/Recruit/GI_Read/45259653?rPageCode=SL&logpath=21&sn=6
㈜해안종합건축사사무소,(주)해안건축 토목분야 QC 경력 채용,https://www.jobkorea.co.kr/Recruit/GI_Read/45258805?rPageCode=SL&logpath=21&sn=6
㈜도화엔지니어링,"도화엔지니어링 도시단지1부 경력직(단지설계, 도시계획) 채용",https://www.jobkorea.co.kr/Recruit/GI_Read/45258714?rPageCode=SL&logpath=21&sn=6
경기과학기술대학교산학협력단,경기과학기술대학교 산학협력단 산업혁신기반구축 사업 운영 직원 채용 공고,https://www.jobkorea.co.kr/Recruit/GI_Read/45255428?rPageCode=SL&logpath=21&sn=6
엘에스일렉트릭㈜,2024년 하반기 신입/경력사원 수시채용,https://www.jobkorea.co.kr/Recruit/GI_Read/45253622?rPageCode=SL&logpath=21&sn=6
한국하니웰㈜,[한국하니웰]빌딩제어 기술지원엔지니어 Field Service Engineer (3년이상경력),https://www.jobkorea.co.kr/Recruit/GI_Read/45258478?rPageCode=SL&logpath=21&sn=6
㈜티케이씨,청주 기계 제조 부문(책임자급) 모집,https://www.jobkorea.co.kr/Recruit/GI_Read/45260692?rPageCode=SL&logpath=21&sn=6
㈜듀어코리아,[대기환경설비] Mechanical Engineer,https://www.jobkorea.co.kr/Recruit/GI_Read/45260095?rPageCode=SL&logpath=21&sn=6
삼지전자㈜,[삼지전자] 통신 중계기 개발자 채용,https://www.jobkorea.co.kr/Recruit/GI_Read/45264926?rPageCode=SL&logpath=21&sn=6
㈜브이씨 (보이스캐디),[코스닥상장사] (주)브이씨 펌웨어 개발자 채용,https://www.jobkorea.co.kr/Recruit/GI_Read/45260958?rPageCode=SL&logpath=21&sn=6
㈜연우,HK 연우 - 제품설계 경력 사원 모집,https://www.jobkorea.co.kr/Recruit/GI_Read/45260077?rPageCode=SL&logpath=21&sn=6
엠케이피㈜,회로설계 경력사원 채용,https://www.jobkorea.co.kr/Recruit/GI_Read/45257284?rPageCode=SL&logpath=21&sn=6
삼지전자㈜,[삼지전자] 시스템 장치 개발자 채용,https://www.jobkorea.co.kr/Recruit/GI_Read/45264874?rPageCode=SL&logpath=21&sn=6
Atlas Copco Korea㈜,[아트라스콥코코리아] 필드 서비스 엔지니어 인턴 (부산),https://www.jobkorea.co.kr/Recruit/GI_Read/45263633?rPageCode=SL&logpath=21&sn=6
㈜유에스티,반도체Line 현장대응 담당 Engineer 모집,https://www.jobkorea.co.kr/Recruit/GI_Read/45263176?rPageCode=SL&logpath=21&sn=6
㈜트윔,[면접비 지급] (주)트윔 기구설계 채용(경력),https://www.jobkorea.co.kr/Recruit/GI_Read/45258020?rPageCode=SL&logpath=21&sn=6
㈜티케이씨,설계부문(기계설계) 경력직 모집(안산),https://www.jobkorea.co.kr/Recruit/GI_Read/45257415?rPageCode=SL&logpath=21&sn=6
㈜에이테크오토모티브,[자동차부품] 기술연구소 개발팀 담당 직원 모집,https://www.jobkorea.co.kr/Recruit/GI_Read/45259877?rPageCode=SL&logpath=21&sn=6
㈜뉴온,㈜뉴온 전기제어 팀원 및 생산관리 채용,https://www.jobkorea.co.kr/Recruit/GI_Read/45258912?rPageCode=SL&logpath=21&sn=6
㈜연우,HK 연우 - 제품설계 신입/경력 사원 모집,https://www.jobkorea.co.kr/Recruit/GI_Read/45260131?rPageCode=SL&logpath=21&sn=6
㈜인터플렉스,[영풍그룹/(주)인터플렉스] FPCB 개발팀 사원 모집(경력무관),https://www.jobkorea.co.kr/Recruit/GI_Read/45258993?rPageCode=SL&logpath=21&sn=6
㈜한미글로벌건축사사무소,[한미글로벌] 에너지(발전/신재생분야) 건설사업관리자(건축/토목/기계/안전) 모집,https://www.jobkorea.co.kr/Recruit/GI_Read/45264848?rPageCode=SL&logpath=21&sn=6
㈜맘스터치앤컴퍼니,㈜맘스터치앤컴퍼니 인테리어팀 모집,https://www.jobkorea.co.kr/Recruit/GI_Read/45255818?rPageCode=SL&logpath=21&sn=6
㈜다원시스,다원시스 철도차량 전기/전장 설계 모집(신입/경력),https://www.jobkorea.co.kr/Recruit/GI_Read/45254682?rPageCode=SL&logpath=21&sn=6
㈜시아스,각 부문별 모집 - (생산/공무/SCM-물류/품질관리/해외영업/영업),https://www.jobkorea.co.kr/Recruit/GI_Read/45249383?rPageCode=SL&logpath=21&sn=6
청암이앤씨,청암이앤씨(주) 2024년 방위산업분야 부서별 채용,https://www.jobkorea.co.kr/Recruit/GI_Read/45258561?rPageCode=SL&logpath=21&sn=6
에스케이바이오텍㈜,2024년 하반기 MT 설비엔지니어 경력사원 모집,https://www.jobkorea.co.kr/Recruit/GI_Read/45254805?rPageCode=SL&logpath=21&sn=6
에스케이바이오텍㈜,2024년 하반기 MT 전기엔지니어 경력사원 모집,https://www.jobkorea.co.kr/Recruit/GI_Read/45254708?rPageCode=SL&logpath=21&sn=6
한화엔엑스엠디,[R&D-방열부품] 경력사원 (기구설계) 채용,https://www.jobkorea.co.kr/Recruit/GI_Read/45251027?rPageCode=SL&logpath=21&sn=6
한화엔엑스엠디,[R&D-방열부품] 경력사원 (Liquid Cooling) 채용,https://www.jobkorea.co.kr/Recruit/GI_Read/45251015?rPageCode=SL&logpath=21&sn=6
한화엔엑스엠디,[R&D-방열부품] 경력사원 (열설계) 채용,https://www.jobkorea.co.kr/Recruit/GI_Read/45250997?rPageCode=SL&logpath=21&sn=6
한화엔엑스엠디,"[R&D-방열부품] 경력사원 (열설계, Liquid Cooling, 기구설계) 채용",https://www.jobkorea.co.kr/Recruit/GI_Read/45250979?rPageCode=SL&logpath=21&sn=6
성우전자㈜,제조기술 경력 사원 채용(자동화),https://www.jobkorea.co.kr/Recruit/GI_Read/45255374?rPageCode=SL&logpath=21&sn=6
에코이앤오㈜,에코이앤오(주) 환경기초시설 [검단(환경/기계)],https://www.jobkorea.co.kr/Recruit/GI_Read/45255305?rPageCode=SL&logpath=21&sn=6
태창기계공업㈜,"태창기계공업(주) 연구소(기계설계,전기제어) 신입 · 경력 · 박사 채용 공고",https://www.jobkorea.co.kr/Recruit/GI_Read/45253104?rPageCode=SL&logpath=21&sn=6
㈜에이수스코리아,[ASUS KOREA] 서버 엔지니어 채용,https://www.jobkorea.co.kr/Recruit/GI_Read/45250754?rPageCode=SL&logpath=21&sn=6
넥상스코리아㈜,[극동전선] Technical / Production 인턴 채용,https://www.jobkorea.co.kr/Recruit/GI_Read/45253995?rPageCode=SL&logpath=21&sn=6
㈜다원시스,다원시스 철도기술연구소 철도차량 신호 엔지니어 모집,https://www.jobkorea.co.kr/Recruit/GI_Read/45248889?rPageCode=SL&logpath=21&sn=6
스투트가르트스포츠카㈜,[포르쉐공식딜러 SSCL] 각 부문별 채용,https://www.jobkorea.co.kr/Recruit/GI_Read/45210666?rPageCode=SL&logpath=21&sn=6
(주)엘지에이치와이비씨엠,2024년 10월 현장직 경력사원 모집 - 설비기술 (전기),https://www.jobkorea.co.kr/Recruit/GI_Read/45245479?rPageCode=SL&logpath=21&sn=6
(주)엘지에이치와이비씨엠,2024년 10월 현장직 경력사원 모집 - 유틸리티 (전기),https://www.jobkorea.co.kr/Recruit/GI_Read/45245430?rPageCode=SL&logpath=21&sn=6
(주)엘지에이치와이비씨엠,2024년 10월 현장직 경력사원 모집 - 유틸리티 (기계),https://www.jobkorea.co.kr/Recruit/GI_Read/45245405?rPageCode=SL&logpath=21&sn=6
(주)엘지에이치와이비씨엠,2024년 10월 현장직 경력사원 모집,https://www.jobkorea.co.kr/Recruit/GI_Read/45245354?rPageCode=SL&logpath=21&sn=6
㈜태영건설,2024년 전문계약직 상시모집 (안전관리),https://www.jobkorea.co.kr/Recruit/GI_Read/45242211?rPageCode=SL&logpath=21&sn=6
㈜태영건설,2024년 전문계약직 상시모집 (토목공사/공무),https://www.jobkorea.co.kr/Recruit/GI_Read/45242202?rPageCode=SL&logpath=21&sn=6
㈜태영건설,2024년 전문계약직 상시모집 (전기(설계/시공)),https://www.jobkorea.co.kr/Recruit/GI_Read/45242198?rPageCode=SL&logpath=21&sn=6
㈜태영건설,2024년 전문계약직 상시모집 (기계(설계/시공)),https://www.jobkorea.co.kr/Recruit/GI_Read/45242188?rPageCode=SL&logpath=21&sn=6
㈜태영건설,2024년 전문계약직 상시모집 (CAD),https://www.jobkorea.co.kr/Recruit/GI_Read/45242177?rPageCode=SL&logpath=21&sn=6
㈜태영건설,2024년 전문계약직 상시모집 (조경공사),https://www.jobkorea.co.kr/Recruit/GI_Read/45242166?rPageCode=SL&logpath=21&sn=6
㈜태영건설,2024년 전문계약직 상시모집 (부대토목),https://www.jobkorea.co.kr/Recruit/GI_Read/45242155?rPageCode=SL&logpath=21&sn=6
㈜태영건설,2024년 전문계약직 상시모집 (건축공무),https://www.jobkorea.co.kr/Recruit/GI_Read/45242139?rPageCode=SL&logpath=21&sn=6
㈜태영건설,2024년 전문계약직 상시모집 (건축공사),https://www.jobkorea.co.kr/Recruit/GI_Read/45242111?rPageCode=SL&logpath=21&sn=6
㈜태영건설,2024년 전문계약직 상시모집,https://www.jobkorea.co.kr/Recruit/GI_Read/45242107?rPageCode=SL&logpath=21&sn=6
한화컨버전스㈜,[한화컨버전스] 기술혁신팀 PLC 엔지니어 경력 채용,https://www.jobkorea.co.kr/Recruit/GI_Read/45248231?rPageCode=SL&logpath=21&sn=6
에드워드코리아㈜,Mechanical Engineer(제품설계) 경력모집(대리-과장급),https://www.jobkorea.co.kr/Recruit/GI_Read/45243745?rPageCode=SL&logpath=21&sn=6
선도전기㈜,수배전반 구조설계 경력자 모집,https://www.jobkorea.co.kr/Recruit/GI_Read/45241351?rPageCode=SL&logpath=21&sn=6
㈜그린플러스,[코스닥상장사]서울사무소 스마트팜 설계 채용,https://www.jobkorea.co.kr/Recruit/GI_Read/45245134?rPageCode=SL&logpath=21&sn=6
한국도키멕 주식회사,[청년친화강소기업]유압 설계 신입 사원 채용,https://www.jobkorea.co.kr/Recruit/GI_Read/45244700?rPageCode=SL&logpath=21&sn=6
리뉴어스㈜,[SK그룹 환경계열사] 리뉴어스(주) hynix청주사업소 기술직(기계) 채용,https://www.jobkorea.co.kr/Recruit/GI_Read/45246764?rPageCode=SL&logpath=21&sn=6
에드워드코리아㈜,Development Engineer Service 채용,https://www.jobkorea.co.kr/Recruit/GI_Read/45245064?rPageCode=SL&logpath=21&sn=6
영풍정밀㈜,[영풍그룹] 영풍정밀(주) 소재공장 생산기술직 사원(경력) 모집,https://www.jobkorea.co.kr/Recruit/GI_Read/45244790?rPageCode=SL&logpath=21&sn=6
현대오토에버㈜,SAP ERP 개발/운영 HR,https://www.jobkorea.co.kr/Recruit/GI_Read/45246294?rPageCode=SL&logpath=21&sn=6
오토플러스㈜,생산본부 AQI팀 차량 성능점검 담당 [신입 가능],https://www.jobkorea.co.kr/Recruit/GI_Read/45241847?rPageCode=SL&logpath=21&sn=6
깨끗한나라㈜,깨끗한나라(주) 기능직 수시채용 [공무팀],https://www.jobkorea.co.kr/Recruit/GI_Read/45240560?rPageCode=SL&logpath=21&sn=6
엘에스메카피온주식회사,[제어설계팀] 정규직 신입사원 모집,https://www.jobkorea.co.kr/Recruit/GI_Read/45240966?rPageCode=SL&logpath=21&sn=6
㈜코아스,(주)코아스 연구개발 신입/경력 인원 모집,https://www.jobkorea.co.kr/Recruit/GI_Read/45240564?rPageCode=SL&logpath=21&sn=6
코스텍시스템㈜,반도체 장비회사 채용 (설계/SW/전장제어/Robot/회계),https://www.jobkorea.co.kr/Recruit/GI_Read/45235721?rPageCode=SL&logpath=21&sn=6
깨끗한나라㈜,깨끗한나라(주) 기능직 수시채용 [화장지생산팀],https://www.jobkorea.co.kr/Recruit/GI_Read/45240552?rPageCode=SL&logpath=21&sn=6
고진모터스㈜,아우디 고진모터스 성수서비스센터 일반정비 경력직 모집,https://www.jobkorea.co.kr/Recruit/GI_Read/45237357?rPageCode=SL&logpath=21&sn=6
한화오션(주),[조선소] 생산직 경력/신입사원 수시채용 - 심출/마킹,https://www.jobkorea.co.kr/Recruit/GI_Read/45236555?rPageCode=SL&logpath=21&sn=6
한화오션(주),[조선소] 생산직 경력/신입사원 수시채용 - LNGC생산,https://www.jobkorea.co.kr/Recruit/GI_Read/45236543?rPageCode=SL&logpath=21&sn=6
한화오션(주),[조선소] 상선 시운전 분야 경력사원 채용 - 선장시운전,https://www.jobkorea.co.kr/Recruit/GI_Read/45236369?rPageCode=SL&logpath=21&sn=6
한화오션(주),[조선소] 상선 시운전 분야 경력사원 채용 - 기장시운전,https://www.jobkorea.co.kr/Recruit/GI_Read/45236359?rPageCode=SL&logpath=21&sn=6
한화오션(주),[조선소] 상선 시운전 분야 경력사원 채용 - 전장시운전,https://www.jobkorea.co.kr/Recruit/GI_Read/45236344?rPageCode=SL&logpath=21&sn=6
한화오션(주),[조선소] 상선 시운전 분야 경력사원 채용,https://www.jobkorea.co.kr/Recruit/GI_Read/45236306?rPageCode=SL&logpath=21&sn=6
㈜영광와이케이엠씨,(주)영광YKMC 가공기기 설비 직무 채용,https://www.jobkorea.co.kr/Recruit/GI_Read/45236253?rPageCode=SL&logpath=21&sn=6
한화오션(주),[조선소] 특수선 시운전 분야 경력사원 채용 - 기장시운전,https://www.jobkorea.co.kr/Recruit/GI_Read/45236075?rPageCode=SL&logpath=21&sn=6
한화오션(주),[조선소] 특수선 시운전 분야 경력사원 채용 - 전장시운전,https://www.jobkorea.co.kr/Recruit/GI_Read/45236052?rPageCode=SL&logpath=21&sn=6
한화오션(주),[조선소] 특수선 시운전 분야 경력사원 채용,https://www.jobkorea.co.kr/Recruit/GI_Read/45236036?rPageCode=SL&logpath=21&sn=6
오토엘,(경력) 라이다 PCB 회로 설계,https://www.jobkorea.co.kr/Recruit/GI_Read/45235836?rPageCode=SL&logpath=21&sn=6
삼성이앤에이㈜,프로젝트계약직 및 일반계약직 경력채용,https://www.jobkorea.co.kr/Recruit/GI_Read/45235116?rPageCode=SL&logpath=21&sn=6
㈜한화,[모멘텀] 반도체 WET 장비 설계/개발 분야 경력사원 채용,https://www.jobkorea.co.kr/Recruit/GI_Read/45234375?rPageCode=SL&logpath=21&sn=6
㈜삼홍사,(주)삼홍사 개발2팀 경력사원 채용,https://www.jobkorea.co.kr/Recruit/GI_Read/45231459?rPageCode=SL&logpath=21&sn=6
㈜테라텍,(주)테라텍 전장설계 경력직 채용,https://www.jobkorea.co.kr/Recruit/GI_Read/45231192?rPageCode=SL&logpath=21&sn=6
㈜미래컴퍼니,[미래컴퍼니/서울] 헬스케어(의료기기) - 제어,https://www.jobkorea.co.kr/Recruit/GI_Read/45230868?rPageCode=SL&logpath=21&sn=6
힐티코리아㈜,[외국계/힐티코리아] Application Engineer (Offshore),https://www.jobkorea.co.kr/Recruit/GI_Read/45230225?rPageCode=SL&logpath=21&sn=6
㈜엔유씨전자,"가전제품,회전기 유경험자,2D(CAD)또는 PRO-E사용가능자",https://www.jobkorea.co.kr/Recruit/GI_Read/45237345?rPageCode=SL&logpath=21&sn=6
오토엘,(경력) F/W 펌웨어 개발자 채용,https://www.jobkorea.co.kr/Recruit/GI_Read/45235821?rPageCode=SL&logpath=21&sn=6
㈜테라텍,"(주)테라텍 장비 및 부대설비, 부대장치 경력직 채용",https://www.jobkorea.co.kr/Recruit/GI_Read/45231151?rPageCode=SL&logpath=21&sn=6
우리이앤엘㈜,[우리이앤엘] 전장 회로설계 / SW 개발자 채용,https://www.jobkorea.co.kr/Recruit/GI_Read/45232409?rPageCode=SL&logpath=21&sn=6
㈜우전,사출금형 제작 및 수리 조립(사상) 경력사원 모집 (5년이상),https://www.jobkorea.co.kr/Recruit/GI_Read/45239417?rPageCode=SL&logpath=21&sn=6
㈜이랜텍,[㈜이랜텍] 본사 제조팀 금형Part 모집,https://www.jobkorea.co.kr/Recruit/GI_Read/45238530?rPageCode=SL&logpath=21&sn=6
우리엔터프라이즈㈜,"스포츠조명, 산업조명 프로젝트 조명설계 디자인 신입/경력 채용",https://www.jobkorea.co.kr/Recruit/GI_Read/45232891?rPageCode=SL&logpath=21&sn=6
유비쿼스,(주)유비쿼스 네트워크 통신 솔루션 SW개발 신입/경력 채용,https://www.jobkorea.co.kr/Recruit/GI_Read/45238447?rPageCode=SL&logpath=21&sn=6
㈜부성,부성 ALFFIZ 기술부 경력자 모집공고.,https://www.jobkorea.co.kr/Recruit/GI_Read/45235133?rPageCode=SL&logpath=21&sn=6
신흥에스이씨㈜,"2024년 하반기 신입/경력직 채용 -기획팀, ESG, 해외주재원, 와이어 가공-",https://www.jobkorea.co.kr/Recruit/GI_Read/45234704?rPageCode=SL&logpath=21&sn=6
우리산업㈜,"우리산업(주) 용인연구소 EV HEATER, CONTROL, PTC 외 경력직 채용",https://www.jobkorea.co.kr/Recruit/GI_Read/45228384?rPageCode=SL&logpath=21&sn=6
에이치디현대삼호㈜,항만크레인 설계 경력사원(정규직) 모집 - 전기설계,https://www.jobkorea.co.kr/Recruit/GI_Read/45225626?rPageCode=SL&logpath=21&sn=6
에이치디현대삼호㈜,항만크레인 설계 경력사원(정규직) 모집 - 기계설계,https://www.jobkorea.co.kr/Recruit/GI_Read/45225614?rPageCode=SL&logpath=21&sn=6
에이치디현대삼호㈜,항만크레인 설계 경력사원(정규직) 모집,https://www.jobkorea.co.kr/Recruit/GI_Read/45225588?rPageCode=SL&logpath=21&sn=6
지멘스㈜,Digital Service Center Engineer (엔지니어),https://www.jobkorea.co.kr/Recruit/GI_Read/45225350?rPageCode=SL&logpath=21&sn=6
㈜제뉴원사이언스,의약품 제조(생산) 직무 신입사원 모집,https://www.jobkorea.co.kr/Recruit/GI_Read/45223723?rPageCode=SL&logpath=21&sn=6
현대중공업,해양에너지) 설계부문 PJT 기간제 모집 - IT/CAD,https://www.jobkorea.co.kr/Recruit/GI_Read/45220798?rPageCode=SL&logpath=21&sn=6
현대중공업,해양에너지) 설계부문 PJT 기간제 모집 - 전계장생산설계,https://www.jobkorea.co.kr/Recruit/GI_Read/45220790?rPageCode=SL&logpath=21&sn=6
현대중공업,해양에너지) 설계부문 PJT 기간제 모집 - 전장/계장/통신 상세설계,https://www.jobkorea.co.kr/Recruit/GI_Read/45220776?rPageCode=SL&logpath=21&sn=6
현대중공업,해양에너지) 설계부문 PJT 기간제 모집 - 배관자재,https://www.jobkorea.co.kr/Recruit/GI_Read/45220768?rPageCode=SL&logpath=21&sn=6
현대중공업,해양에너지) 설계부문 PJT 기간제 모집 - Layout 설계,https://www.jobkorea.co.kr/Recruit/GI_Read/45220765?rPageCode=SL&logpath=21&sn=6
현대중공업,해양에너지) 설계부문 PJT 기간제 모집 - 배관 도면,https://www.jobkorea.co.kr/Recruit/GI_Read/45220760?rPageCode=SL&logpath=21&sn=6
현대중공업,해양에너지) 설계부문 PJT 기간제 모집 - Package기계설계,https://www.jobkorea.co.kr/Recruit/GI_Read/45220751?rPageCode=SL&logpath=21&sn=6
현대중공업,해양에너지) 설계부문 PJT 기간제 모집 - 회전기계설계,https://www.jobkorea.co.kr/Recruit/GI_Read/45220741?rPageCode=SL&logpath=21&sn=6
현대중공업,해양에너지) 설계부문 PJT 기간제 모집,https://www.jobkorea.co.kr/Recruit/GI_Read/45220695?rPageCode=SL&logpath=21&sn=6
㈔한국선급,2024년도 한국선급 직원(정규직) 채용 공고,https://www.jobkorea.co.kr/Recruit/GI_Read/45110271?rPageCode=SL&logpath=21&sn=6
㈜덴티움,덴티움 임플란트 개발팀 인원 모집,https://www.jobkorea.co.kr/Recruit/GI_Read/45225175?rPageCode=SL&logpath=21&sn=6
㈜미래시스템,[하드웨어 엔지니어] H/W개발팀 신입 및 경력 채용공고,https://www.jobkorea.co.kr/Recruit/GI_Read/45224898?rPageCode=SL&logpath=21&sn=6
㈜하이비젼시스템,2차전지실 전장설계 엔지니어 채용,https://www.jobkorea.co.kr/Recruit/GI_Read/45219530?rPageCode=SL&logpath=21&sn=6
KB오토시스㈜,개발PM 채용,https://www.jobkorea.co.kr/Recruit/GI_Read/45223327?rPageCode=SL&logpath=21&sn=6
㈜하이비젼시스템,2차전지실 제어 엔지니어(PC기반) 채용,https://www.jobkorea.co.kr/Recruit/GI_Read/45219503?rPageCode=SL&logpath=21&sn=6
㈜덴티움,덴티움 고객지원팀(Chair) 직원 모집(부산),https://www.jobkorea.co.kr/Recruit/GI_Read/45225148?rPageCode=SL&logpath=21&sn=6
㈜덴티움,덴티움 고객지원팀(Chair) 직원 모집(울산),https://www.jobkorea.co.kr/Recruit/GI_Read/45225139?rPageCode=SL&logpath=21&sn=6
윌로펌프㈜,윌로펌프 부산 강서구 외국계 PCB Hardware Engineer 신입/경력,https://www.jobkorea.co.kr/Recruit/GI_Read/45221592?rPageCode=SL&logpath=21&sn=6
㈜하이비젼시스템,2차전지실 자동화 설비 / 기구설계 경력직 채용,https://www.jobkorea.co.kr/Recruit/GI_Read/45219559?rPageCode=SL&logpath=21&sn=6
KB오토시스 ㈜,기계유지보수 담당 채용,https://www.jobkorea.co.kr/Recruit/GI_Read/45223088?rPageCode=SL&logpath=21&sn=6
KB오토시스㈜,[연구원] 재질개발 및 소재분석 담당자 채용,https://www.jobkorea.co.kr/Recruit/GI_Read/45223365?rPageCode=SL&logpath=21&sn=6
KB오토시스 ㈜,전기설비 담당자 채용,https://www.jobkorea.co.kr/Recruit/GI_Read/45223071?rPageCode=SL&logpath=21&sn=6
넥스틸㈜,넥스틸(주) 설비관리팀 기계/ 전기 정비 현장직 채용,https://www.jobkorea.co.kr/Recruit/GI_Read/45223101?rPageCode=SL&logpath=21&sn=6
㈜디에이피,(주)디에이피 안산공장 `24년 PCB 제조ㆍ검사원 모집(신입/경력),https://www.jobkorea.co.kr/Recruit/GI_Read/45225690?rPageCode=SL&logpath=21&sn=6
한미반도체㈜,[한미반도체] 머신러닝 엔지니어 채용,https://www.jobkorea.co.kr/Recruit/GI_Read/45223513?rPageCode=SL&logpath=21&sn=6
이노시스㈜,이노시스㈜ 2024년 3분기 채용,https://www.jobkorea.co.kr/Recruit/GI_Read/45214664?rPageCode=SL&logpath=21&sn=6
그랜드 하얏트 서울,그랜드 하얏트 서울 호텔 부문별 신입 및 경력 모집,https://www.jobkorea.co.kr/Recruit/GI_Read/45224000?rPageCode=SL&logpath=21&sn=6
하나머티리얼즈㈜,하나머티리얼즈 각 부문 경력/신입 모집,https://www.jobkorea.co.kr/Recruit/GI_Read/45215877?rPageCode=SL&logpath=21&sn=6
㈜원익홀딩스,"(주)원익홀딩스 S/W설계(PLC, HMI) 담당자 채용",https://www.jobkorea.co.kr/Recruit/GI_Read/45216188?rPageCode=SL&logpath=21&sn=6
㈜세경하이테크,제조 공정자동화/검사자동화 담당 인재 모집,https://www.jobkorea.co.kr/Recruit/GI_Read/45211950?rPageCode=SL&logpath=21&sn=6
과학기술시설관리단,(재)과학기술시설관리단 현장직 직원 공개채용 공고-시설(기계),https://www.jobkorea.co.kr/Recruit/GI_Read/45214960?rPageCode=SL&logpath=21&sn=6
에이제이메인터넌스파트너스㈜,AJ메인터넌스파트너스 방문정비직 수시채용,https://www.jobkorea.co.kr/Recruit/GI_Read/45214870?rPageCode=SL&logpath=21&sn=6
코리아테크노㈜,[삼성1차협력사] 반도체 장비 기구설계팀 경력 모집,https://www.jobkorea.co.kr/Recruit/GI_Read/45210700?rPageCode=SL&logpath=21&sn=6
에이테크솔루션,"[중견, 금형업계1위] ]금형영업/PM 인재모집(화성)",https://www.jobkorea.co.kr/Recruit/GI_Read/45212753?rPageCode=SL&logpath=21&sn=6
㈜에스에프이,부설연구소 반도체장비 소프트웨어 개발자 모집,https://www.jobkorea.co.kr/Recruit/GI_Read/45212724?rPageCode=SL&logpath=21&sn=6
㈜에스에프이,부설연구소 반도체장비 기구설계 신입 및 경력자 모집,https://www.jobkorea.co.kr/Recruit/GI_Read/45212736?rPageCode=SL&logpath=21&sn=6
옴니시스템㈜,원격검침 및 전기차충전기 - 영업부문 신입 및 경력 사원 채용,https://www.jobkorea.co.kr/Recruit/GI_Read/45203895?rPageCode=SL&logpath=21&sn=6
코리아테크노㈜,[삼성1차협력사] 반도체 장비 제어기술팀 신입/경력 모집,https://www.jobkorea.co.kr/Recruit/GI_Read/45210807?rPageCode=SL&logpath=21&sn=6
㈜제노레이,"[강남] 연구소 우수인재 모집 (기획, 기구, 전자, 디텍터, 인증, 지원)",https://www.jobkorea.co.kr/Recruit/GI_Read/45210553?rPageCode=SL&logpath=21&sn=6
삼익THK,[상시] 스마트팩토리 PLC제어-경력,https://www.jobkorea.co.kr/Recruit/GI_Read/45204968?rPageCode=SL&logpath=21&sn=6
대성건설,2024 공개채용 (공사/공무-건축설계),https://www.jobkorea.co.kr/Recruit/GI_Read/45203397?rPageCode=SL&logpath=21&sn=6
대성건설,2024 공개채용 (공사/공무-현장관리),https://www.jobkorea.co.kr/Recruit/GI_Read/45203390?rPageCode=SL&logpath=21&sn=6
대성건설,2024 공개채용 (하자관리),https://www.jobkorea.co.kr/Recruit/GI_Read/45203383?rPageCode=SL&logpath=21&sn=6
대성건설,2024 공개채용 (재무),https://www.jobkorea.co.kr/Recruit/GI_Read/45203378?rPageCode=SL&logpath=21&sn=6
대성건설,2024 공개채용 (전기/설비),https://www.jobkorea.co.kr/Recruit/GI_Read/45203371?rPageCode=SL&logpath=21&sn=6
대성건설,2024 공개채용 (자재관리),https://www.jobkorea.co.kr/Recruit/GI_Read/45203366?rPageCode=SL&logpath=21&sn=6
대성건설,2024 공개채용 (품질),https://www.jobkorea.co.kr/Recruit/GI_Read/45203263?rPageCode=SL&logpath=21&sn=6
대성건설,2024 공개채용 (보건),https://www.jobkorea.co.kr/Recruit/GI_Read/45203137?rPageCode=SL&logpath=21&sn=6
대성건설,2024 공개채용 (안전),https://www.jobkorea.co.kr/Recruit/GI_Read/45203128?rPageCode=SL&logpath=21&sn=6
대성건설,2024 공개채용 (토목),https://www.jobkorea.co.kr/Recruit/GI_Read/45203123?rPageCode=SL&logpath=21&sn=6
대성건설,2024 공개채용 (공사),https://www.jobkorea.co.kr/Recruit/GI_Read/45203113?rPageCode=SL&logpath=21&sn=6
대성건설,2024 공개채용 (현장소장),https://www.jobkorea.co.kr/Recruit/GI_Read/45203106?rPageCode=SL&logpath=21&sn=6
대성건설,2024 공개채용,https://www.jobkorea.co.kr/Recruit/GI_Read/45203089?rPageCode=SL&logpath=21&sn=6
㈜한국에어로테크,기술연구소(토목설계) 경력직 모집,https://www.jobkorea.co.kr/Recruit/GI_Read/45204274?rPageCode=SL&logpath=21&sn=6
㈜하이비젼시스템,하이비젼시스템 FW & HW 개발 엔지니어 경력직 채용,https://www.jobkorea.co.kr/Recruit/GI_Read/45202442?rPageCode=SL&logpath=21&sn=6
㈜영진플렉스,기술개발 설계 담당자 채용(신입/경력),https://www.jobkorea.co.kr/Recruit/GI_Read/45201164?rPageCode=SL&logpath=21&sn=6
㈜투케이엠시스템즈,네트워크 기술 지원 업무 정규직 채용,https://www.jobkorea.co.kr/Recruit/GI_Read/45204938?rPageCode=SL&logpath=21&sn=6
디아이티㈜,2차전지 검사기 비전 셋업 및 CS 엔지니어 채용,https://www.jobkorea.co.kr/Recruit/GI_Read/45206310?rPageCode=SL&logpath=21&sn=6
동원산업㈜,개발부 사원 구인,https://www.jobkorea.co.kr/Recruit/GI_Read/45206025?rPageCode=SL&logpath=21&sn=6
㈜이오테크닉스,(주)이오테크닉스 하드웨어 개발자 모집,https://www.jobkorea.co.kr/Recruit/GI_Read/45207233?rPageCode=SL&logpath=21&sn=6
청호나이스㈜,청호나이스(주) R&D 기구설계 경력직 채용,https://www.jobkorea.co.kr/Recruit/GI_Read/45207467?rPageCode=SL&logpath=21&sn=6
㈜삼보기술단,(주)삼보기술단 신사업부 신입 및 경력직원 채용,https://www.jobkorea.co.kr/Recruit/GI_Read/45201908?rPageCode=SL&logpath=21&sn=6
(주)한백전자,하드웨어 분야 연구원 모집(신입/경력),https://www.jobkorea.co.kr/Recruit/GI_Read/45197619?rPageCode=SL&logpath=21&sn=6
지멘스㈜,Building Products - PLC & HMI Engineer,https://www.jobkorea.co.kr/Recruit/GI_Read/45193671?rPageCode=SL&logpath=21&sn=6
㈜파세코,R&D 전자업무 채용,https://www.jobkorea.co.kr/Recruit/GI_Read/45198773?rPageCode=SL&logpath=21&sn=6
㈜미래컴퍼니,[미래컴퍼니/서울] 헬스케어(의료기기) - F/W개발,https://www.jobkorea.co.kr/Recruit/GI_Read/45194290?rPageCode=SL&logpath=21&sn=6
㈜경동원,공장설비(기계) 정비 생산직 모집(정규직),https://www.jobkorea.co.kr/Recruit/GI_Read/45198816?rPageCode=SL&logpath=21&sn=6
한국도키멕 주식회사,[청년친화강소기업]전기제어 엔지니어 경력사원 채용,https://www.jobkorea.co.kr/Recruit/GI_Read/45200577?rPageCode=SL&logpath=21&sn=6
울브린코리아㈜,"생산본부(금형설계, 프레스 생산직) 담당자 모집",https://www.jobkorea.co.kr/Recruit/GI_Read/45197146?rPageCode=SL&logpath=21&sn=6
㈜한랩,(주)한랩 미래기술연구소 기구설계 인재 채용,https://www.jobkorea.co.kr/Recruit/GI_Read/45193534?rPageCode=SL&logpath=21&sn=6
㈜LPK로보틱스,기술연구소 설계팀 경력사원 모집,https://www.jobkorea.co.kr/Recruit/GI_Read/45199316?rPageCode=SL&logpath=21&sn=6
㈜디엠피에스,산업용 UV프린터 A/S직원 모집,https://www.jobkorea.co.kr/Recruit/GI_Read/45197623?rPageCode=SL&logpath=21&sn=6
㈜삼진,[삼진] Embedded SW 개발자(신입/경력) 모집,https://www.jobkorea.co.kr/Recruit/GI_Read/45197188?rPageCode=SL&logpath=21&sn=6
현대오토에버㈜,[울산] 스마트태그 시스템 개발/운영 경력채용,https://www.jobkorea.co.kr/Recruit/GI_Read/45194556?rPageCode=SL&logpath=21&sn=6
㈜씨이에스,자동차 설계 및 부품 엔지니어링 기술영업 PM/임원급,https://www.jobkorea.co.kr/Recruit/GI_Read/45195504?rPageCode=SL&logpath=21&sn=6
콘티넨탈 오토모티브 코리아㈜,[콘티넨탈 오토모티브 코리아] Application Engineer in Sensorics R&D,https://www.jobkorea.co.kr/Recruit/GI_Read/45190122?rPageCode=SL&logpath=21&sn=6
㈜케이씨씨,전주공장 도면검토 CAD 담당 계약직 채용,https://www.jobkorea.co.kr/Recruit/GI_Read/45187913?rPageCode=SL&logpath=21&sn=6
메가존클라우드㈜,[알파코드] AI/ML개발자 채용,https://www.jobkorea.co.kr/Recruit/GI_Read/45184824?rPageCode=SL&logpath=21&sn=6
㈜셀바스에이아이,소프트웨어 테스터 SQA 인재 채용 - 경력 무관,https://www.jobkorea.co.kr/Recruit/GI_Read/45183568?rPageCode=SL&logpath=21&sn=6
세원이앤씨㈜,[세원이앤씨(주)] 각 부문별 신입 및 경력 채용,https://www.jobkorea.co.kr/Recruit/GI_Read/45184316?rPageCode=SL&logpath=21&sn=6
㈜태성에스엔이,"(주)태성에스엔이 System 엔지니어(SCADE,medini 담당)",https://www.jobkorea.co.kr/Recruit/GI_Read/45188682?rPageCode=SL&logpath=21&sn=6
㈜삼진엘앤디,(주)삼진엘앤디 사출설비 엔지니어 모집,https://www.jobkorea.co.kr/Recruit/GI_Read/45184467?rPageCode=SL&logpath=21&sn=6
㈜피에스텍,피에스텍 생산기술팀 신입 및 경력사원 모집,https://www.jobkorea.co.kr/Recruit/GI_Read/45188814?rPageCode=SL&logpath=21&sn=6
대아티아이㈜,"[상장사] 시스템 엔지니어: 철도신호시스템 설계 (신입, 경력 3년 이상)",https://www.jobkorea.co.kr/Recruit/GI_Read/45186358?rPageCode=SL&logpath=21&sn=6
원드롭,(주)원드롭 부설연구소 분야별 채용,https://www.jobkorea.co.kr/Recruit/GI_Read/45172057?rPageCode=SL&logpath=21&sn=6
㈜에이루트,기술연구소 하드웨어팀 신입 또는 경력사원 모집,https://www.jobkorea.co.kr/Recruit/GI_Read/45186803?rPageCode=SL&logpath=21&sn=6
영풍정밀㈜,[영풍그룹/고려아연 계열]영풍정밀(주) 산업용 펌프 A/S Engineer 채용,https://www.jobkorea.co.kr/Recruit/GI_Read/45188676?rPageCode=SL&logpath=21&sn=6
㈜지슨,2024년 연구 개발 부문 (임베디드 개발 / WiFi 관련 / 윈도우즈 클라이언트),https://www.jobkorea.co.kr/Recruit/GI_Read/45187143?rPageCode=SL&logpath=21&sn=6
㈜에이루트,기술연구소 펌웨어 신입 및 경력사원 모집,https://www.jobkorea.co.kr/Recruit/GI_Read/45186819?rPageCode=SL&logpath=21&sn=6
㈜엔에스컴퍼니,(주)엔에스컴퍼니 영동에코발전본부 플랜트 정비 담당자 채용,https://www.jobkorea.co.kr/Recruit/GI_Read/45186289?rPageCode=SL&logpath=21&sn=6
