잡코리아 - 취업톡톡,,,,,,,,,,,,,,,
작성일,조회수,커뮤니티명,직무명,질문 제목,질문 내용,답변 1,답변 2,답변 3,답변 4,답변 5,답변 6,답변 7,답변 8,답변 9,답변 10
2021-05-07 작성,"조회수 192,092",잡코리아-취업톡톡,인사담당자,인사팀 자소서 취미 & 특기 뭘 적어야 할까요?,딱히 특기가 없어서 질문드려요 인사팀 관련이나 회사생활에 도움이 될 만한 특기를 작성해야 할 것 같은데 도무지 떠오르지가 않아요,인사담당자 / 6년차 - 딱히 없으면 안쓰는게 좋겠어요.,"인사담당자 / 9년차 - 사회적 통념에 반하지 않는다면 뭘 적어도 관계없음. 단, 취미 특기를 직무적 강점과 연관시키는 준비는 하는 게 좋을 수 있음. 운동이라면 사람들과 잘 어울릴 수 있다는 점 독서라면 꾸준한 독서를 통해 멘탈을 수양하고 업무에 대해 꼼꼼하고 침착하게 대응할 수 있다는 점 하물며 인터넷 쇼핑 같은 걸 적어도 다소 우스개 소재로 인터넷 쇼핑의 각종 최저가 비교나 쿠폰 적용 등을 분석하여 최저가 쇼핑을 함으로써 분석력이 좋다고 내세울 수도 있을 것임 적절한 단어도 중요하지만 그 단어를 직무와 어떻게 연관시켜서 어필할 수 있느냐가 중요.","인사담당자 / 12년차 - 스트레스를 많이 받으시는 거 같습니다 밑에 분들 말씀대로 농구나, 축구, 헬스, 걷기 등을 쓰기는 것도 나쁘지 않습니다 저는 예전에는 스터디 만들기, 까페모임나가기 등을 취미로 적었습니다. 정말 취미나 특기로 면접위원의 마음을 잡는 것은 쉽지 않습니다 개인적으로는 취미나 특기를 면접 볼 때 질문을 한 적은 없습니다. 편하게 그냥 기재하시면 됩니다. 잘 고민하셔서 기재하시가 바랍니다",도망치세요. 도데체 뭔 꼰대기업이 요즘 그런걸 물어봐요 ㅜㅜ,"인사담당자 / 27년차 - 본인이 인사업무를 하려는 목적, 계기 등을 적고 자신의 성향이 인사업무에 적합하다는 방향으로 자소서를 채우시는게 좋을 것 같습니다. 그리고 신입의 경우, 특별한 특기가 있을게 별로 없습니다. 혹시 인턴을 했다면 그정도... 지금 구직자님의 상황을 정확히 알 수가 없어서 이정도밖에 말씀을 못드리겠네요. 간절하면 이루어집니다. 힘내세요^^",인사담당자 / 15년차 - 인사팀은 사람중심으로 업무가 돌아가기때문에 사람을 위한 사람들과 원활한 커뮤니케이션..등 봉사 한 내용ㅈ등은ㆍ 쓰시면되요,인사담당자 / 10년차 - 해당 회사의 조직 문화와 연계된 활동을 홈페이지 또는 사보를 통해서 찾아보시고 기재하시는게 좋습니다. 해당 팀 또는 팀장의 취미와 맞아도 조직 융화 차원에서 좋을 수 있는데 이런건 예측하기 어려우니 참고하시되.. 추가로 선택할 수 있는 방향은 본인의 성격과 맞추어서.. 여러 사람들과 융화될 수 있는 단체 생활을 하고 있다거나.. 스트레스를 해소할 수 있는 본인의 방법이 있다는 느낌을 주시면 됩니다.,"인사담당자 / 6년차 - 취미나 특기는 참고 사항인지라 크게 걱정하면서 쓰시지 않아도 될 것 같아요. 성향을 파악하기 위한 참고용 정도여서요. 다만 지원하고자 하는 직무에 도움이 될 것 같은 이미지 (예를 들어, 인사팀이라면 꼼꼼함, 친근함)와 연결되는 취미나 특기를 생각해서 쓰고 스토리를 만들어가면 면접 때 좋은 인상을 남기는 답변할 수 있을 것 같아요!","교재개발·교수설계 / 9년차 - 취미와 특기가 사실 쓰기가 막상 쓸려면, 어렵게 느껴지실건데요 ! 인사팀이라면 대인관계 능력이 중요할텐데요 요리, 그림그리기, 무언가 만드는걸 취미나 특기로 갖고 있다면, 이런취미를 갖고있어서 친구나 가족들에게 만들어주어 나누는 것을 좋아합니다. 이런식으로 풀어주셔도 좋을 것 같습니다. 또는 체력적인 부분을 중요하게 여기는 곳이라면 (야근이,,, 있는곳) 운동에 관련된 취미도 좋습니다. 건강관리하면서 자기관리를 잘하는 부분은 어필할수 있겠죠. 지원한 회사의 인사팀에서 필요한 역량을 적어보고 평소취미와 특기에 맞춰 연결하여 말할수 있는걸로 적어주셔도 좋을것 같습니다. 좋은 결과있으시길 바랍니다 ^^",해외영업 / 6년차 - 인사팀은 인재등용입니다. 즉 사람볼 줄 알아야 하는것이 가장 핵십 업무 능력이므로 면접시에 인성은 물론 예리한 눈빛도 볼 수 있어요.
2021-04-26 작성,"조회수 182,381",잡코리아-취업톡톡,사무담당자,이력서 제목은 보통 어떻게 쓰시나요..?ㅠㅠㅠ,이력서 제목을 어떻게 써야 할 지 모르겠어요.ㅠㅠㅠㅠ 1. 이력서_000 2. ~~한 000 3. 기타 어떻게 쓰시나요...? 2번 3번이면 예시 좀 들어주세요..ㅠㅠ,"- 이력서 제목에 대한 양식은 딱히 정해진 건 없습니다. 회사가 제출할 때 파일이름에 대한 룰을 정했다면 그걸 따르면되고, 아니면 보통 ""이력서_지원부서_이름.xxx""과 같이 누가 어느부서에 지원하는 이력서인지 알 수 있도록 적는게 좋겠죠.","웹기획 / 10년차 - 이력서 문서명은 1번.. 문서내의 자소서 제목은 2번 인사담당자는 하루에도 몇통~몇십통의 지원서를 받으므로 헷갈리거나 지나치기 쉬운 길고 복잡한 문서명/메일명은 지양하는 편입니다. 문서에 포함되는 자기소개서 제목은 위의 단점을 보완할 수 있도록 내 특성 또는 장점을 ""어필"" 할 수 있는 키워드 강조형으로 작성합니다. 블로그나 유튜브 신문기사들처럼요.. -길이가 길고 비슷비슷한 내용이기 쉬운 자소서를 함축된 키워드와 함께 강조해서 흥미를 유발하려는 의도임",- 전 그냥 00경력직 이케썼는데 ㅋㅋ,사무담당자 / 13년차 - 나이 학력 성별 가족 자격증 경력순 쓰시면 됩니다.,"인사담당자 / 10년차 - 파일명이라면.. 회사명_직무_이름_날짜로 쓰시면되고, 자기 소개서의 항목별 제목이라면 본인의 강점을 표현하는 짧은 한문장으로 쓰시면 되는데 명사형으로 마무리 되는게 좋습니다.",시설관리자 / 13년차 - 편하게 (자유) 쓰세요,"패션디자이너 / 7년차 - 직무와 관련된 본인의 장점을 넣어 ""ㅇㅇ한 무슨직 지원자 누구입니다."" 정도로 쓰시면 됩니다. 사무, 총무직은 꼼꼼함과 빠른 사무 능력이 중요하므로 1. 꼼꼼한 사무직 지원자 누구를 소개합니다 2. 손이 빠른 지원자 누구를 소개합니다. 다른 부서와 커뮤니케이션이 중요하거나 위급상황대처능력이 중요하다고 생각되면 3. 유연한 사고를 지닌 지원자 누구를 소개합니다. 등등이 있을 거 같아요. 좋은 성과 있으시길 바랍니다.^^",사무담당자 / 5년차 - 3. 해당 회사에 인재상과 지원한 직무를 확인후 제목을 변경하여 적습니다.,포토그래퍼 / 10년차 - 2번이요 가족 같은 회사에서일하고싶어요라던지 성실하고 열심히노력하는 직원이되겠습니다 라던지,사무담당자 / 34년차 - 저는 인생2막 이라고 썼습니다.....
2021-04-10 수정,"조회수 152,141",잡코리아-취업톡톡,웹개발자,3년차 웹개발자 연봉이 어떻게 되는지 궁금합니다,요번달에 정보처리기사 실기시험이 있어서 준비중에 있고 올해 8월이면 3년차 백엔드 개발자가 됩니다. 백엔드 하기 전엔 디자인 업무 짧게 했었구요. 현재 주로 사용하는 언어는 java & react로 실무 진행중에 있습니다. 지금까지 들어와서 연봉협상 1번밖에 안했고 조만간 2번째 협상 진행될 예정인데 업계에 계시는 분들 보통 이정도 연차가 되면 얼마정도 받으시나요? 사내 다른 분들 얘기 들어보면 최대 10% 남짓 오른거같은데 모수가 워낙 적었었기에 %가 큰 의미가 없다고 느껴지네요.. 선배님들의 현황이 어떻게 되시는지 궁금합니다. 저는 현재 업무에 필요한 언어를 추가로 공부하면서 개인 사이트를 제작하여 학습 내용을 꾸준히 업로드를 하고있습니다. 또 개인 포트폴리오도 구축 후 호스팅중인 상태입니다. 아! 그리고 혹시 원하는 연봉만큼 협상이 안됐을때는 그냥 이직을 하시는 편인가요? 아니면 그냥 버티시나요?,"21년차 - 개발 20년차 입니다. 님이 걸어왔던길을 과거에 수도 없이 반복되면서 걸어 왔네요. 선배로써 조언을 드린다면 백엔드 개발은 중요한 부분이고 경쟁력있는 부분이니 계속하시고 언어는 자바& 리엑트 잘 하신겁니다. 넓힐수 있다면 앵귤러나 뷰도 함께 공부해 주시고 익스프레스 프레임워크도 공부, 자바의 스프링부분 여러부분도 함께 공부해 주셔서 자기 역량을 넓혀 주시기 바랍니다. 연봉협상은 보통 악덕기업주들은 잘 안합니다. 내년에 해 주겠다고 말한하고 계속해서 같은 액수만 지급합니다. 저도 4년째 통 소식이 없어 이직했습니다. 이직회사에 적응하는문제 , 텃세 문제도 있긴한데 좀더 넓혀 개발자의 세상을 보시기 바랍니다. 보통 연봉 3년차는 무엇을 개발했느냐에 따라 다르나 4500 내지 5000 정도는 갑니다. 3500은 학원에서 연습하고 바로 취업한 연습생들 연봉이구요. 도움이 되셨다면 좋겠습니다. 귀하의 앞날에 무궁한 발전을 기원합니다.","- 저는 Unity 클라이언트 프로그래머인데요. 중소기업 초봉 2500으로 시작해서 3개 회사를 각각 2년, 2년, 1년 다니면서 지금 6년차에 3000입니다.. ㅠ,ㅠ 회사마다 사정이 어렵다면서 5%밖에 안올려주더라구요",백엔드개발자 / 2년차 - 2021년 10월 입사 초봉 3500 2023년 첫 연봉 협상 4400 ( 1년 3개월 ),앱개발자 / 3년차 - 저는 웹은 아니지만 닷넷개발자이고 1년차입니다. 초봉 2800 운좋게 협상 3번하고 현재 4400입니다,"1년차 - 커머스 개발자고 첫 연봉 3800, 2년차 협상때 4500 제안받았습니다.","4년차 - SI중소기업 2020년 7월에 입사해 3000으로 첫 개발자 커리어를 시작했고, 2022년 첫 연봉 인상을 3700에 했습니다. 상여로 월급 100 연 2회 나오고, 월 10만원씩 복지비 있고, 명절 떡값에 중간 중간 용돈(?)까지 포함하면 올해 영끌 4500~4600 될 것 같네요.",6년차 - 우리나라 개발자 진짜 개 많구나,"- 기사 있으시다는 가정하에,성과금 다 포함해서 1년차 2700 박봉, 2년차 3700(이직), 3년차 곧 되는데 4300예상, 4년차는 먼저 시작한 친구들 보니 요즘 올랐다고 5천이하는 호구 짓 그후 년차는 연봉정체기.., 프리랜서 자리 넘침 초상 550 중급 650 ㄱㄱㄱ. 앞으로 IT는 요즘 세대들이 싫어하는 반복작업 노가다라 구인난 가속될거라 돈안주면 이직하면 된다고 하네요.",웹개발자 / 4년차 - 저는 이번 8월에 3년을 채우고 4년차가되었습니다. 전문대 졸업 후 학점은행으로 4년제 학사취득하고 6개월과정 학원다니며 정보처리기사를 땄습니다. 첫해2800 로 시작하여3100 3500 그리고 이번부터 4200 을 받고있습니다. 대기업 협력사에서 일하고있습니다. 좋은 중소기업을 만나고 자기어필을 충분히 꾸준히 하신다면 연봉이 오르게되어있습니다. 그게 아니면 무조건 공부틈틈히하며 이직추천드립니다.,"웹개발자 / 7년차 - 솔직히 밑에 20년차분들은 걸러야된다고보고요 시장의 흐름이 바뀌었고, 프리랜서 단가도 높아졌습니다. 백앤드라면 해당 기술에 대해서 얼마나 딥하게 아는지에 따라서 4천까지도 기대 해볼 수 있는데, 회사에서는 사실 주는데로 보통 받는회사가 대부분이죠..저희도 대기업인데 진급하지 않는이상 2~3퍼입니다. 전 7년차 자바&풀스텍 개발자고 5천받고 있습니다 ㅎㅎㅎㅎ"
2021-11-11 작성,"조회수 124,892",잡코리아-취업톡톡,인사담당자 / 숭실대학교,퇴사를 고민하고있는데 1주일 전에 얘기해도될까요?,지금 급여관리업무를 맡고있는 6개월차 다니고있는 직장인입니다. 여러 일정들로 인해 1주일뒤에 퇴사를 생각하고있는데 1주일전에 말을해도될까요?? 회사마다 다르겠지만 개인사정으로 인해 1주일뒤 퇴사하려고 한다면 이해해줄까요ㅡ,사무담당자 / 12년차 - 회사 내규에는 일반적으로 1개월 전 통보로 되어 있을겁니다만 크게 상관없이 희망일자에 퇴사하시면 됩니다.,"인사담당자 / 19년차 - 근로자는 언제라도 퇴사할 자유가 있습니다. 다만, 도의적으로 후임채용, 인수인계 등 고려하여 최소 1개월 전에 얘기하는 것이 좋지않을까합니다. 더욱이, 급여관리업무를 도맡아한다면 더더욱... 회사마다 사정이 있고 상황이 다르겠지만 상위직급(선임)과 협의하여 마무리하는 것이 깔끔할 듯합니다만... 작성한 일자에 비해 답변이 너무 늦었네요...","인사담당자 / 9년차 - 회사 입장에서는 힘들죠. 하지만, 본인이 힘들면 하셔도 됩니다. 퇴사는 노사간의 합의에 의해 이루어집니다.",2년차 - 대부분의 회사는 퇴사 1개월 전에 이야기해야 합니다. 특별한 개인 사정이 있는 경우에는 담당자에게 충분히 설명해서 부득이한 사정을 이야기 하는게 ....,영업지원 / 26년차 - 퇴사 의사가 확정되었다면 회사에 얘기하시고 일정을 함께 조율해보세요. 회사도 후임을 뽑아 업무를 인계 받아야하는 상황이면 시간을 조금 더 달라고 할거고 그렇지 않은 상황이면 일정을 당겨줄겁니다. 내가 날짜를 못박아서 인계도 하지않고 나가는 직원처럼 보이지 않게요. 요즘은 면접 전 전에 다닌 직장에서 근무 태도가 어떠했는지 확인하는 회사들이 많습니다. 인수인계없이 그만둔 직원은 우리회사를 퇴사할 때도 그렇겠지? 하는 선입견을 갖게됩니다~,경영·비즈니스기획 / 1년차 - 가능은 하지만 좋은 판단은 아닙니다.. 기본적으로 한달 전에 말을 하는 것이 제일 좋습니다. 해당 기업에서도 새로운 사람 채용하고 인수인계를 하는 과정이 필요하기에 한달 정도는 미리 말을 하는 것이 기본적인 예의에요.,인바운드상담원 / 3년차 - 적어도 한달 전에는 말씀해주시는게 좋을 것 같습니다,통번역사 / 3년차 - 얘기하는 건 자유입니다만 아마 계약서에 30일 이전에 퇴직 의사를 밝혀야 한다고 써있을 겁니다. 그리고 후임이 없는 경우에는 그 조항을 회사에서 들먹일 가능성이 높습니다. 대부분 2주~길면 3주 전에 말하면 계약서 조항과 관계 없이 퇴직 절차가 정상적으로 진행되겠지만 일주일은 회사측에서 이해를 많이 해줘야 가능할 것 같네요.,"1년차 - 회사 내규가 어떻게 되어있는지는 잘은 모르겠으나, 최소한의 인수인계 기간을 위해서라도 2~3주의 시간을 회사측에 알리고 퇴사하는 것이 좋겠습니다. 개인사정으로 인해 1주일 뒤 퇴사하게 되었다면 한시라도 빨리 말씀드리는 것이 좋겠죠. 회사에서는 어떻게 해줄지는 모르겠네요.","사무보조 / 6년차 - 보통은 한달전에 얘기해야하는데 후임자가 있거나 대신 업무 처리해줄 사람이 있으면 괜찮지 않을까요? 어차피 퇴사하실거라면 미리 말씀이라도 드려야죠,,"
2019-01-10 작성,"조회수 109,928",잡코리아-취업톡톡,학점은행제,학점은행제 학사도 대졸로 인정받나요?,학점은행제로 경영학사 취득예정자 입니다! (올해 2월에 학사가 나와요) 근데 지금 직장을 알아볼때 항상 고졸로 체크해서 알아보고있는데 대졸로 인정받아서 취직할 수 있을까요?,"DBA / 15년차 - 1. 보통 중견이상 기업에서는 학점은행제 학사를 인정하려고 하지 않습니다. 서류 통과 하기도 어렵습니다. 학점은행제 학사일 경우 인정경력 차감 받습니다. 2. 전문대 졸업 후 학점은행제 학사 취득 다음 정규 대학원 석사 취득 할 경우 석사보다 정규 대학교 졸업 여부를 봅니다. 3. 4년제 중퇴 일 경우 학점은행제 학사도 인정 경력 차감 됩니다. 4. 학점은행제 보다 정규 대학교를 나와야 그나마 서류 통과하고 면접 볼 기회가 생깁니다. 5. 학점은행제 학사, 사이버 대학원은 거의 인정 안하더군요.",5년차 / 12학번 - 원칙적으로는 전문학사가 아닌 학사로 인정받습니다. (국가에서 고시한 경우에요. 조금 비슷한 경우를 찾고자 하면.. 독학사가 있겠네요.) 특히 공무와 관련된 기관에서는 원칙적으로 대졸로 인정받습니다. 그외에는 다른분들 답변처럼 케바케이지요. 단순히 대졸이라는 커트 라인은 넘을수 있지만 인서울 4년제와 같은 회사내의 인정은 받기 힘든게 현실입니다.,"15년차 / 08학번 - 캐이스바이케이스로 인식됩니다.시작하는 입장에서는 지원할수있는 가능성이 있기때문에 없는것보단 났다고 할수있겠죠 대부분 회사에서는 공식적으로는 대졸로 인정받을수 있습니다. 비공식적으로 각회사에서 가점의 차이가 존재할수 밖에 없겠죠 그건 어느대학이든 대학레벨을 가점으로 존재하니 그건 어쩔수 없다고 봐야 합니다. 기술직이라면 대학이라는 명찰만 내고 나머지는 기술력과 경력으로 밀어볼수는 있을것같네요 참고로 저도 학점은행제 경영학사 취득한상태입니다. it쪽에서 일하고있구요. 경력이 있다보니, 따로 학위관련해서 문제가 된적은 없습니다. 참 전 대부분 프리생활를 하고있네요. 정직으로 들어가도 아주 큰회사가 아닌한 저의경우 일반 si업체에서 문제를 제기한적은 없습니다. 어느일, 어느직장을 찾는냐에 따라 영향도가 달라질수있다고 생각됩니다.",9년차 / 03학번 - 저는 프리랜서인데 학력 비중보다 경력 비중을 더 보는 경우가 많은것 같습니다..,4년차 / 14학번 - 경영학사..면 모르겠네요 컴공 학사는 인정안해주더라구요 지극히 개인적인 사견입니다.,9년차 / 10학번 - 1. 모집공고에 `학사` 라고 되어있으면 O 2. 모집공고에 `대학` or `대졸` 이라고 되어있으면 케바케 3. 모집공고에 `정규대졸` or `정규 대학을 졸업한 자` 이라고 되어있으면 X,"3년차 / 11학번 - 안녕하세요. 저는 2년제 취득 후 4년제학위 얻고 현재 기업에 다니고 있습니다. 누구든 아는 중견 기업에 다니고 있습니다. 저도 겪은 일이라 답변 남깁니다 슬프지만 아무도 인정해주지 않습니다. 우리나라는 학교 학위를 중요시 하니까요. 오히려, 경력을 더 보더라구요. 그럼에도 불구하고 저는 저희회사 몇안되는 2년제 학위를 갖고있는 직원이며, 제가 다니는 회사처럼 학교는 상관없이 능력을 알아봐주는 회사는 꼭 있을거에요. 희망 잃지마세요.",15학번 - 모 삼성계열 부동산자산관리회사에 합격스펙에서 우연히 봤는데요 학점은행제 학사로 취업한 사례가 있긴 있어요,9년차 / 09학번 - 보는사람에 따라 달라요. 면접관들이 인정해주면 인정받는거고요. 아니면 그게 뭐냐고 물어봐요. 대부분 안쳐줍니다. 다만 열심히 노력했구나 정도 어필할 수 있을정도...,5년차 / 15학번 - 대기업에서는 쇼뷰를 어떻게 보내에 따라 다릅니다 근데 왜 나 07학번이 아니라 15학번이지....
2020-11-22 작성,"조회수 100,797",잡코리아-취업톡톡,품질관리자 / 동양엠티 / 경운대학교,PM이 정확히 어떤 직무를 하는건가요??,프로젝트 매니져 라면 기본적인 설계를 할줄 알아야 지원할수있는건가요??,"품질관리자 / 15년차 - 프로젝트 매니저로 외국 기업에서 14년을 근무 했습니다. 국내 기업에서는 PM의 요구가 많지 않고 그 권한과 의무에서도 사실 상당히 제한적입니다. 보고 계시는 회사의 지원 자격 요건도 사실 일반적인 PM의 요구 덕목은 아닙니다. PM의 기본적인 덕목은 성공적인 프로젝트 관리에 있습니다. 시간과 원가, 그리고 품질 (Scope)을 관리하여 제한된, 또는 약속된 날짜에 프로젝트를 완료하고 예산을 준수하며 합당한 품질 기준을 맞추는 것이죠. 프로젝트의 리더로서 프로젝트의 모든 프로세스를 이끌어야 하고 고객 대응 및 문제 해결의 책임자입니다. 상당히 매력적인 직업이지만 `이것이다` 할 수 있는 Killing skill을 내세우기 힘들기도 합니다. PM에 더욱 관심이 있으시다면 PMI (www.pmi.org)라는 미국 PM 단체의 홈페이지를 방문해 보시는 것을 추천 드립니다.",품질관리자 / 16년차 - 회사마다 조금씩 틀리기도 하지만.... 말 그대로. 프로젝트 매니져입니다. 한 과제 또는 제품에 대한 해당 회사의 설계부터 해당 과제 또는 제품 완료의 공정에 대한 각 담당부서와의 소통과 공정일정 관리 및 조율하여 제품 품질 완성도 향상 및 고객 만족을 추구하는 부서라고 보시면 됩니다 일부 회사에서는 고객과의 소통을 더욱 활발히 하여 필요한 니드를 피드백허여 고객의 불만족 및 만족도를 높이는데 주력을 두는데도 있습니다,"품질관리자 / 25년차 - 모든 사업은 대체로 개발-양산의 흐름을 갖고 있습니다. 이 중 개발과 관련된 작업을 프로젝트라 하는데 활발한 기업일수록 개발 프로젝트가 수백, 수천 건에 달하며 그러다 보니 각 과제들을 주무 총괄하는 책임자가 필요합니다. 이 책임자를 Project Manager 라 합니다. 그러다 보니 프로젝트 매니져가 개별과제들의 상세 설계까지는 모르더라도 흐름과 개발 개요는 인지하고 진행해야 할 것입니다.",품질관리자 / 13년차 - Project manager 맞습니다. 분야가 정해져 있을 것 같습니다.,품질관리자 / 11년차 - PM이 설계를 할줄 알아야 하는건아닙니다. 개발 프로젝트의 전체적인 일정에 차질없이 챙기는 담당이라..회사마다 다를수도있고 어느부서에서 PM을 하느냐에따라 달라질텐데 저회사는 개발쪽이나 설계에서 PM을 하지 싶네요. 어쨋든 PM은 두루두루 알아야하는게 좋지만 설계를 잘해야하는건 아닙니다.,"품질관리자 / 9년차 - 산업공학과 측면의 성격을 띈다 보시면 되구요. 소속된 프로젝트의 목적물을 주어진 비용과 기간내에 완수해 내면 됩니다. 공정흐름을 이해하고 일정관리를 해야하고, 할당된 예산내로 각 기능부서들이 임무를 하게끔 계속 조율해야 합니다. 고객처와의 커뮤니케이션도 해야하구요. 물론 그 업계에서 기술보직을 어느정도 경험하고 PM에서 일하면 업무가 훨씬 수월할 수 있으나, 반대로 해오던 관습대로만 하고, 이익 극대화 실현을 위해 challenge 안하는 습성도 있지요. 프로젝트를 내 재산으로 생각하고 책임관리하겠단 마인드만 있으면 누구든 할 수 있습니다. 다시 말씀드리지만 기술적인 부분 알고하면 좋겠지만, 전반적인 거라도 배워가면서 실무 할수 있습니다. 기술적 문제는 설계분들, 기술자분들께 협조 받으면 됩니다.","품질관리자 / 7년차 - 올려주신 회사소개로 봐선 캐드설계, 공정품질, 생산관리까지 하신다고 보셔야 될거같습니다. 비슷한 업무를 담당하고있는데 전 고객대응도 해서 영업 비슷하게 업무하고있습니다. 초반에 경력쌓기에는 좋으실 겁니다",제품디자이너 / 19년차 - 말그대로 프로젝트 매니저이니 해당 프로젝트 팀을 이끌어가고 관리할 리더가 필요한 겁니다. 기본적인 업무외 프로젝트를 성공적으로 이끌어갈 업무 능력이 요구됩니다.,헤드헌터 / 16년차 - 기본적인 설계뿐만 아니라 전반적인 스케줄과 인적자원관리까지 수행하는 것이 PM의 역할입니다. 우대사항에 CAD를 언급한 것을 보니 설계 관련 역량을 베이스로 요구한다고 생각하시면 됩니다.,
2021-01-20 작성,"조회수 96,224",잡코리아-취업톡톡,QA / 부천대학교,퇴사 사유 좋은 예시 알려주세요 ㅠ,아웃소싱회사에서 근무 중인데 자회사로 가고 싶어 이직을 고민하게 되었습니다 물론 연봉도 낮은 이유도 있습니다.. 곧 면접인데 이직 사유 어떻게 말해야 좋을까요??,QA / 13년차 - 아웃소싱 회사였다면 다양한 경험은 할수있지만 업무범위에 제한이 있었을것으로 생각됩니다 폭넓은 업무경험을 쌓기위해 or 자기계발이나 회사와함께 성장하기위해 or 솔직하게 열악한처우 개선을 위해 위내용으로 대답하면 괜찬을듯 합니다 저도 그렇게 이직성공 했습니다,QA / 7년차 - 솔직하게 쓰는게 제일 나은거 같아요 이래저래 다른말 지어내서 썻다가 면접에서 막히면 그게 더 마이너스 일듯요,"채널관리자 / 4년차 - 통상적으로 사용되는 사유로는, 1. 업무경험 증진을 위해서 2. 자기 역량 강화를 위한 개발 시간 확보 등이 무난하다고 생각합니다. 건강상의 이유나, 가족 또는 개인사정을 이유로 말해도 괜찮긴 하지만, 자회사에 성공적으로 이직을 하게 된다면 왔다갔다 얼굴 보게 될지도 모르니 추천드리고 싶지는..",인사담당자 / 10년차 - 아웃소싱 회사 소속이어서 상대적인 처우의 불합리함을 겪었고.. 단순 반복적인 업무만 해야 했기에.. 조금더 좋은 처우와 업무 확장을 원해서 이직한다고 하시면 될 듯 합니다. 보통 많이 하는 얘기이고.. 면접관들은 믿진 않지만 깊이있게 따지려하진 않아요.,"헤드헌터 / 16년차 - 직무 전환을 위한 이직이라고 하셔도 되고, 부서 전환이나 회사 경영 상의 이유로 인한 이직 등을 활용할 수도 있습니다.",,,,,
2021-07-06 작성,"조회수 95,253",잡코리아-취업톡톡,네트워크엔지니어,합격한 회사가 별로인데 거절 문자를 어떻게 보낼까요,막상 면접 보러 가니까 회사가 좀 아니라는 생각이 들었습니다. 그리고 며칠 뒤에 합격 전화가 왔는데 거절 문자를 어떻게 보내는 것이 좋을까요? 미안한 마음이 들어서 자꾸 고민됩니다 ㅠㅠ," 안녕하세요. 취업멘토 입니다. 최종합격한 회사에 거절 문자를 어떻게 보낼지 고민이시군요. 결론부터 말씀드리면 정중하게 문자나 메일 보내주세요. 구체적으로 말씀드리긴 어렵지만, 개인적인 사정으로 지금 당장 입사가 어렵게 되었다. 면접과 최종합격까지 좋은 기회를 주셨는데 정말 감사드리고 죄송합니다. 대략적으로 이정도 내용들 담아서 정중하게 보내시고, 입사거절 의사를 명확하게 회사에 얘기해주는 것이 회사를 위한것이라 생각합니다. 그럼 회사에 연락 잘 드리고, 새로운 곳으로 성공 취업하시기를 바랍니다. 감사합니다.",MD / 8년차 - 문자 말고 전화로 죄송하지만 못다닐거 같다고 전화드립니다.,"그래픽디자이너 / 17년차 - 의외로 마음 여리신 분들이 많네요. 그만큼 취업의 높은 문턱이 우리네 마음을 지치고 약하게 만든게 아닌가 싶은. . 제일 깔끔한 거절의사는 `좋게 봐주시고, 입사기회를 주심에 감사하지만 다른곳에 입사하게 되었다` 가 베스트겠죠. 사측에서도 더 좋은 조건이 있나보구나 또는 아, 역시 괜찮은 사람이였어 하면서 가끔 더 나은 조건부를 제시할 경우 도 있는데.. 대부분 쉽게 받아들일겁니다. 기업입장에서도 다시 차순의 적합자를 찾는 시간적 기회비용을 세이브해야 되니까요. 일단 마음이 굳혀지셨다면 되도록 빠르게 입사거부 의사를 전달해주세요. 기업이나 구직자나 어차피 서로 니즈에 의한 관계적 부분이니 미안한 마음 너무 가지실 필요 없습니다. 그럼, 오늘도 행운된 하루 되세요","인바운드상담원 / 5년차 - 안녕하세요. 미안해하지 마시고, 정확하게 본인 의사를 전달하시길 바랍니다. 우선 입사 기회를 주셔서 감사하다, 하지만 개인적인 사정으로 입사가 어렵다, 죄송하다 이런 식으로 적으시면 될 것 같습니다. 길게 적으실 필요도 없습니다. 어쨌든 중요한 것은 입사를 하지 않겠다는 것이니까요. 괜히 미안한 마음에 입사했다가 빨리 그만두는 사람보다 질문자님처럼 하시는게 회사 입장에서도 좋습니다. 근로계약서 작성하고 인수인계까지 다했는데 그만둔다고 하면 회사도 난감하거든요; 회사에 빨리 의사전달하셔서 회사에서도 다른 사람을 채용할 수 있도록 해주세요.",,,,,,
2021-06-06 작성,"조회수 87,289",잡코리아-취업톡톡,공기업·공공기관 / 서경대학교,32살 경력없는 백수입니다.,"말그대로 백수지요. 공무원 준비만 27살부터 5년 했습니다. 5년동안 합격권 근처에 가본적은 몇번있지만, 제가 나태해서 부족해서 항상 탈락했고, 지금 이대로 백수죠. 취업을 준비해보려하는데 보통 이런 장수 공시생의 실패는 공장들어가는 방법밖에 없다고 하더라구요. 경력없고, 자격증또한 운전면허, 워드프로세서가 끝입니다. 이런사람도 중소기업이라도 이 나이에 들어갈 수 있을까요? 어느 정도의 스펙은 기본적으로 갖춰야 할까요? 스펙을 갖추는것이 무의미할까요",사무보조 / 4년차 - 괜찮아요~ 저희회사 대리님도 경찰 오래 준비하다가 취업 했다거 했어용 포기하지마세용~~~ 화이팅!,네트워크엔지니어 / 2년차 - 우리는 이 세상의 존재하는 모든 것을 할 수 없어요. 한 가지만 선택하고 한 가지 길만 가보세요. 먹고 사는데 문제 없습니다. 모든 걸 다 할 줄 안다고 아무도 인정하고 아무도 동정하지 않아요.,14학번 - 방향잡는게 우선이에요. 그래야 의미있는 스펙준비 가능합니다. 너무 자신을 낮추어 생각마시고 지금부터 준비하시면 괜찮은 결과 나올거에요. 32살 빠른 나이는 아니지만 그렇게 늦은 나이도 아니에요. 중소 들어가서 2년뒤에 경력직으로 이직하면서 연봉올리는 사람들도 많아요. 힘내시길,- 4년제 공대 졸업한 사람들도 공장 들어갑니다 ^^...,현장관리자 / 3년차 - 저도 비슷한데 많은 걱정이 됩니다 공장에도 가봣고요,- 같이 힘내봐요 지나가던 10학번 취준생이..., 다 그래요 공기업 공무원 대기업준비하다가 나이먹죠 괜찮아요 중소기업도 다알아요 자기들이 대우제대로안해주는거..그래도 한번 잘포장해서 뽑게만들어봐요 우리, 저랑 동갑이시네요 저도 지금 면접보고 있는 중이라서 힘들지만 힘네십시오. 스펙이 중요하다고 말하지만 자기하기 나름입니다,"무역사무원 / 9년차 - 5년 동안의 준비는 결코 무의미하다 생각하지 않습니다. 그 누구보다 강한 인내력과 끈기를 가진 사람이니까요. 좋은 결과가 있었다면 더할 나위 없이 좋았겠지만, 그렇지 않다 해도 이제 32살일 뿐입니다. 누군가는 그 나이에 공부를 시작하기도 하고, 누군가는 하던 일이 적성에 맞지 않아 새로운 진로를 개척하기도 합니다. 질문자님도 그와 크게 다르지 않다고 생각해요. 우선 하고 싶은 일이 무엇인지부터 고민해 보고, 그 다음에 필요한 자격을 갖추는 것도 늦지 않다고 생각합니다. 때론 `필요한 자격`이 이미 갖춰져 있는 경우도 많으니까요. 어깨 쳐질 필요 없어요. 지금부터는 오롯이 `나`에 집중하시면 됩니다. 파이팅!"," 스펙이 있고 없고의 차이는 있는 것 같습니다. 공시 공부를 바탕으로 공기업에 도전하는 것은 어떤가요? 블라인드 채용이고, 나이에 상관없이 채용된다 들었습니다. 분명 다른 길도 있을 겁니다."
2020-06-25 작성,"조회수 84,078",잡코리아-취업톡톡,전기기사,시설관리는 진짜 희망이 없나요?,지금 공사업체에서 근무중인 23살입니다. 지금 이직을 할까 고민중입니다. 현장일도 힘들고 출장도 많고 현장사람들도 예민해서 시설관리로 이직해서 자격증공부할려고 고민중인데 대부분 사람들이 비추천해서 이글을 올립니다. 선배님들의 조언 부탁드립니다.,인사담당자 / 6년차 - 현장일보다 훨씬 나은데용," 시설관리직에 종사하면서 많은 일들이 있었고, 장·단점을 잘 아는 것 같아서 글을 써봅니다. 조금 도움이 되실지 모르겠지만, 참고하시면 될 것 같아요. 근무 후기입니다. balckzone.tistory.com/20",6년차 - 시설관리의 최대 단점은 사람을 수단으로 보는 용역과 무자격에 나이만 많은 텃새짓 하는 직원들로 화합이 어려운 문화가 있겠습니다.,전기기사 / 1년차 - 화이팅,시설관리자 / 11년차 - 공기관 시설관리라면 모를까 용역업체 시설관리는 그냥 개잡부입니다,전기·전자엔지니어 / 5년차 - 공사업체에서 경력쌓이고 일하시면 돈은 쏠쏠할겁니다 하지만 돈은 좀 내려놓고 편하게 일하려면 시설관리가 짱입니다. 근데 전제 조건이 있습니다. 이 경우에는 더 좋은것 같아요 공사업체에서 일하신다면 기본적인 전기관리에는 문제가 없으실꺼에요 본인이 관리하는데 다 할줄알면 이렇게 편한직장이없습니다. 하지만 유지보수 관련 손기술이 없으면 답답하고 힘들죠 ㅎㅎ 현재 전기안전관리자로 워라벨을 즐기며 살고있네요 ㅎㅎ 하지만 돈이 조금짜서 저도 좀 고민이네요 다시는 힘들게 일하기는 싫은데 돈은 많이 받고싶고.... 돈과 근무강도 모두 잡기는 힘든것같아요 그렇게 하려면 좋은곳 대기업 편한곳을 찾아서 들어가셔야합니다 저는 공부하다가 포기했습니다 좋은곳 취업은 너무 힘들어서요... 좋은곳 포기하면 전기는 대충찾아도 취업할때가 넘쳐나죠,전기기사 / 7년차 - 안녕하세요. 고민이 많으시겠네요. 저는 23살때부터 시설관리업무를 시작하였습니다. 제생각에는 어디에서 일하든지 본인이 하기나름이기에 자신의 스타일과 성격에 맞춰서 직업을 찾으시면 좋을거같습니다. 저는 업무강도가높은일은 잘못하는 성격이라 시설관리가 잘맞더라구요;; 월급이 적으면 대리운전을뛰든 배달을뛰든해서 더벌면되여 돈에 연연하지말고 본인이 하고시픈걸 하세요 그리고 남는시간에 자격증공부하시면 좋구요 하기싫으면 그냥 노세요 ㅎㅎ 인생은 재밌게 사는게 좋아요. 하기싫은거 억지로하면 재미없어요. 남의 시선 같은게 두려우신가요? 그럼 안하면됩니다. 저는 그딴거 신경안써요. 그리고 일하시면 별로 사람들 관심도 없습니다. ㅋㅋ 본인 실속챙기는데 신경쓰세요. 재테크는 꼭하시구요. 부동산이든 주식이든 비트코인이든 고졸로 군대전역하고 100마넌모아논걸로 시작해서 지금은 월세랑 배당금만 나와도 지금연봉보다 많이나와요. 그래서 직장이 부업이됬어요 ㅋㅋ 놀러 나가는 느낌으로 댕겨요. 짤려도 상관없어서 맘편히다녀서 좋아요. 저두 20대때는 정말 악착같이 살았는데 지금 조금 빛을 보는거같습니다. 님도 아직 젊으니까 고민많이해보시고 좋은결정 하셨으면 좋겠습니다. 정답은 없어요 ㅎㅎ 본인이 인생에 주인공이니까.,시설관리자 / 9년차 - 네 없어요 다른거하세요,"- 38살에 2872세대 아파트 시설관리잡부직하고 있는 사람입니다.솔직하게 기사나 산업기사 자격증 조건되시면 2년안에 스펙쌓고 좋은곳으로 가면됩니다.병원,백화점,LH이런곳이나 2천세대 미만 아파트로 가시면 되구요 나이가많은 직원있는곳은 비추합니다.",- 공공기관 용역업체에서 전기설비 유지직군으로 근무중입니다. 음 공공기관 같은경우엔 근무환경 좋은편이구요. 단점은 급여가 세전 270~300수준이라 작은편입니다. 아파트 오피스텔 같은경우는 이보다 더 받는것으로 압니다. 한국의 경우에 참 사람들 눈치를 많이 보죠 천한직업이다 귀한직업이다 이러면서요 귀하고 천한건 본인 스스로가 결정하는거라고 생각합니다. 저는 스스로 전기엔지니어라고 자부할 정도로 공부를 많이 했었고 지금도 꾸준히 하고 있습니다. (어떤 전기적인 현상을 보면 파악할때도 있고 파악하지 못할때도 있습니다. 다만 저보다 현장경험있으신분들이 말씀하실때 이해가능할 정도면 괜찮다고 생각합니다.) 저는 자격증 취득후 자기 시간 많이 난다는 공기업 한군데 넣고 (최종탈ㅠㅠ) 바로 전기시설로 빠졌습니다. 전기쪽 공부와 경력확보를 위해서요. 대기업 다니신 저희 아버지 20년일하시고 지금 조그마한 가게 하십니다. 나름 화려했던 과거를 뒤로하시고 적적하게 사시는것을 보면서 평생 일할수 있는것을 찾아서 선택하였습니다. (대기업 참으로 좋습니다 좋은연봉 복지. 하지만 당신의 황금같은 시간은 이미 사라져있습니다. 퇴직후 아무것도 하실수 있는게 없습니다. 주의하십시오 ㅠㅠ 물론 케바케라 연줄닿는 곳으로 직장 이직하실수도 있지만 연구직쪽에서 기술력이 특화되어 있는 경우입니다. ) 좋고 나쁜건 없습니다. 본인에게 맞는지 맞지않는지가 달렸을 뿐이지요. 그리고 마지막으로 중요한것.. 자격증입니다. 엔지니어로서 인정을 받는지 받지 않는지는 자격증과 실력입니다. 반드시 취득하십시오. 그리고 본인스스로가 남는 시간 공부로 활용해서 자격증 따시지 않으실 거면 발들이지 마십시오. 대기업 못해도 중견기업 이상가셔서 그시간을 일하시는데 쏟고 더 많은 연봉받으시는게 맞습니다. 선택은 본인의 몫입니다. 그리고 밑밑에분에서 정답을 주셨네요 어떤직장에도 희망은 없습니다. 믿을건 본인의실력 + 자격증 ㅇㅋ
2019-02-21 작성,"조회수 81,626",잡코리아-취업톡톡,세종대학교,퇴사 후 이직준비가 그렇게 별로인가요?,지금 회사는 소기업 입니다. 그냥 일단 때려치고 이직 준비하고 싶은데 주위 말을 들어봐도 인터넷에 검색해봐도 이직이 결정되면 퇴직하라는 말들 뿐입니다. 그런데 소기업 특성상 월차 반차 사용하기도 어려워 당장 면접을 어떻게 볼지도 걱정이네요,"인사담당자 / 6년차 - 자, 이렇게 합시다. 1.질문자님 이력서를 오픈해놓고, 관심있는 기업에 지원해보세요. 2. 연락이 오는지 안오는지 확인합니다. 3. 연락이 안온다? 퇴사하면 취업준비기간 길어질겁니다. 4. 연락이 곧 잘 온다? 퇴사하고 쉬다가 이직해도 괜찮음.",2년차 - 회사는 퇴사도 맘대로 안시켜 주고 눈치주고 이직하려는 회사는 빨리 못오면 딴사람 구해야 한다하고 노답입니다 ㄹㅇ,"9년차 / 07학번 - 갈 곳 없는 상태로 퇴사한 적도 있고, 정해놓고 퇴사한 적도 있습니다. 갈 곳 없는 상태로 퇴사했어도 실업급여나 퇴직금이 있었고 퇴사 후에도 부업으로 했던 일들을 계속 했기 때문에 밥 걱정은 안했지만, 그래도 적이 없으니 불안해서 멘탈이 오락가락하더라고요. 갈 곳을 정해놓고 퇴사하는 게 최선이지만, 신체적으로든 정신적으로 `너무` 괴로워서 사생활까지 무너질 정도라면 차라리 퇴사하는 게 좋다고 봅니다. 어디 모자란 거 아니면 어떻게든 벌어먹고 삽니다. 힘내요!","10년차 / 04학번 - 진짜 능력자라면 퇴직 후 이직 가능합니다. 그리고 사전 월차 반차 못쓰시면, 그냥 아침에 늦은 지각 시간에 몸이 너무 아파서 그냥 오늘 월차 한다고 하세요. 어짜피 이직하기로 맘먹었으면, 확 하셔야 합니다. 위 팀장도 직장인이라서 다알고 본인도 하십니다. - 한달이나 두달안에(취업 시즌 3초-6월초, 7말 - 10중 월 별 이직 및 잡이 활발함)","2년차 / 12학번 - 중견에서 2년 근무 후 퇴사 하고 신입으로 다시 구직중입니다,, 부디 갈 곳 확정되고 그만두셨으면 좋겠습니다,, 휴직한지 1년이 다되가네요, 물론 최종합격들도 있었지만 아직은 달리고 싶어서 가지는 않고 그래도 불안하기는 마찬가지입니다","12년차 / 05학번 - 우선, 고민이 정말 많고 답답한 심정에 상당히 불안감도 느끼고 계실거라고 생각됩니다.. 신문방송학과를 졸업하신거 같은데, 지금은 어떤 직군에서 근무하고 계신지는 잘 모르겠지만.. 직장생활 선배로서 저의 개인적인 소견 드리고자 합니다. 저는 현재 공연기획사에서 근무하는 12년차 직장인입니다. 지금까지 이직은 3번(인턴기한 종료 1번 포함) 있었구요. 현재 처해있는 상황과 이직을 하려는 이유에 따라서, 현 직장에 근무를 하면서 이직을 준비 할 것인지 퇴사부터 할 것인지는 명확하게 달라질 거 같습니다. 업부가 적성에 맞지 않고 내부적으로 문제가 있는 것이라면 퇴사를 먼저 고려하는 것도 방법이 될 수도 있겠지만, 급여가 안정적으로 나오고 있는 상황이라면 너무 서둘러서 퇴사를 먼저 고려하시지 않는 것도 방법이 될수도 있습니다. 평균적으로 퇴사를 먼저하게 되면 자금적으로 또는 심리적인 압밥감으로 인하여, 퇴사 당시에 고려하지 않았던 근무조건과 기업에 대해서도 자신과 타협하여 서둘러서 재입사만을 쫒게되는 경우가 많이 발생하는 걸 봐왔습니다. 하지만, 퇴사와 이직에 대한 정확한 목표가 있고 그것을 준비하기 위해서 시간이 꼭 필요한 경우라면 결단력있는 판단이 필요하다고 생각됩니다. 같은 직군으로 이직하실 계획이라면..또는 다른 직군으로 이직 하시더라도 잦은 이직은 좋은 평가를 받지 못하게되는 경우가 보통입니다. 2년정도는 경력을 쌓으신뒤에, 업계의 흐름을 잘 파악하셔서 더 좋은 곳으로 더 좋은 조건에 이직(보통 점프라고 표현합니다.) 하시는것이 좋을거 같다는 생각입니다. 작성자님의 내부적인 상황에 대해서 잘 알지 못하기떄문에 포괄적으로 밖에 말씀 드리지 못하는 점 양해 부탁 드립니다. 조금이라도 도움이 되셨으면 좋겠습니다.",19년차 / 81학번 - 잡아놓고 퇴직하세요,"7년차 / 04학번 - 재직중 이직은 가능하면 좋겠지만 현실적으로 힘듭니다. 면접일에 연차를 딱딱 맞춰서 쓰는것이 어려울때도 많기 때문입니다. 퇴사하고 이직을 하더라도, 면접 등에서 잘 밝히면 괜찮습니다. 저같은 경우에는 왜 퇴사하고 직장을 알아보냐는 질문에, 현재 직장에서 좁아진 시야를 가지고 급하게 이직준비를 하면 오히려 저한테 마이너스일 것 같다. 휴식을하면서 다시 시야를 넓힌 후에 구직을 하는 것도 나에 대한 책임감이다라는 식으로 답변했습니다. 퇴직금으로 여행다니면서 천천히 준비하는 것도 저는 개인적으로 좋았습니다. 퇴직금으로 여행다니면서 이직 두번 성공했습니다.","13년차 / 95학번 - 대부분 이직시 회사를 다니면서 준비를 하라고는 말합니다. 하지만 현실은 재직 중의 이직은 쉽지 않습니다. 현재 다니는 회사에서 이직 의사를 밝히지 않은 경우 상황에서, 타회사 입사 지원하여 면접 진행시 시간을 내는 부분도 상당히 곤혹스러울때가 많습니다. 물론 2차 면접의 경우 2번을 빠져나와야겠지요. 합격이라도 한다면 그나마 다행이겠지만 그렇지 않고 몇번 반복적으로 하는것도 쉽지만은 않습니다. 또한, 이직하고자 하는 회사에 면접을 진행하여 합격 통보가 되었시 입사일자는 보통 평균 2주내외로 요구하는 회사가 많습니다. 만약 근무중인 회사에 사직서를 제출시 최소 1개월 이내에 사직서를 내야 다니는 회사에서 그렇게 딴지를 걸지 않습니다. 물론 좋은 회사에서는 이직의 사유로 편의를 봐주는곳도 있지만 그렇지 않은 회사에서는 1개월의 시간동안 업무 대체자를 채용할때까지 근무(업무 인수인계)를 요구하는 회사가 많습니다. 물론 업무 대체자가 일찍 채용될 경우에는 좀더 시간적으로 수월하겠지만요. 이직하고자하는 회사에서 1개월까지 기다려주는곳이 생각보다 그리 많지 않습니다.",8년차 / 03학번 - 이직만 3번 했고 현재 포춘500대 기업 재직 중 입니다. 무조건 재직 중 이직 준비하세요.. 외국계 준비중인 후배분들은 도와주고 싶네요...
2020-05-26 작성,"조회수 80,840",잡코리아-취업톡톡,온라인마케터 / University of Iowa,즉시 지원 이력서 제목 어떤식으로 작성하시나요?,이력서 제목에 00회사 00직무 000 입사지원서 이런식으로 이름을 넣으시나요?,홍보 / 2년차 - 이력서 제목에는 자신만의 독특한 개성을 나타낼 수 있는 짧고 쉽게 하면 됩니다. 회사이름이나 직무 등은 알고 있는 것이니 굳이 안써도 됩니다.,- 이력서 제목을 작성하는 것이 서류 담당자님들의 눈에 띌 수 있어 좋다고 생각합니다^^ 저도 이력서 제목은 꼭 작성하는 편입니다. 이력서 제목 작성 방법이 궁금하면 아래 글 일어보세요~ https://pignam.co.kr/%ec%9e%a1%ec%bd%94%eb%a6%ac%ec%95%84-%ec%82%ac%eb%9e%8c%ec%9d%b8-%ec%9d%b4%eb%a0%a5%ec%84%9c-%ec%a0%9c%eb%aa%a9/,온라인마케터 / 11년차 - 본인의 핵심 역량이나 장점을 어필하면서 직무가 들어나게 한줄 카피로 만들면 좋아요.,- 네~ 저도 지원부문이랑 이름을 알아보기 쉽게 합니다~ 이상하거나 과한 문구는 오히려 감점요인이 될 수 있다고 생각되요,"인사담당자 / 10년차 - 잡코리아는 인사 담당자가 어디에 지원한 이력서 인지 알 수 있기 때문에 ㅇㅇㅇ부문 지원자 ㅇㅇㅇ보다는 지원 회사에 어필 할 수 있는 문구가 좋습니다. 인재상이나 지원 부문에 대해서 핵심 역량을 어필 할 수 있는 문구로 글로벌 역량을 지닌 마케터 ㅇㅇㅇ 입니다 실행력 있는 기획자 ㅇㅇㅇ입니다 등이 좋습니다 단, 자기 소개에서 어필한 내용과 일맥 상통해야 합니다. 정답은 아니지만 좋은 첫인상을 남길 수 있습니다.",- 네 알아보기 쉽게 그러고 있습니다 :),온라인마케터 / 4년차 - 네 인사담당자가 나중에도 보고 선택하기 편하게요.,"- 네, 지원자 000 이런식으로 넣습니다. 상대방이 가장 보기 편한 방식으로 하는게 좋을거같아서요. 직무-지원자000-회사 이렇게 해서 저도 보기 편하게 정리하려고 했습니다",온라인마케터 / 3년차 - 지원 직무나 부서를 간단히 기재하시고 회사에서 바라는 인재상을 키워드로 적으면 좋다고 하네요. 예를들면 추진력 포옹력 등이요 . 그대신 해당 키워드는 자소서에 들어가 있는 장점 역량 관련 키워드여야 겠죠. 어떤 회사는 입사지원서가 워낙 많으니 회사쪽에서도 지원자 서류를 볼때 가장 먼저 이력서 제목을 먼저 보고 이력서를 읽을지 패스할지를 정하기도 한데요...,매장관리자 / 7년차 - 이력서 제목은 자신 어필 할수있는 하나의 무기입니다. 굳이 그렇게는 안하셔도 됩니다.
2020-05-27 작성,"조회수 80,300",잡코리아-취업톡톡,웹디자이너,"웹 디자이너 연봉이 많이 적나요,,?","지금 현재 대학 재학중에 있고, 취업 준비를 위해 웹디자인 학원을 다닐 예정입니다 그런데 주변에서 웹디자이너 연봉이 많이 적다구,, 그래서 진로에 고민이 됩니다 아무래도 적성에는 너무 맞지만 경제적인 부분도 굉장히 중요해서,, 조언 부탁드립니다!","인사담당자 / 6년차 - 자 봅시다. 1. 웹디자이너, 초창기엔 연봉 많이 줬습니다 왜? 사람이 없으니까. 2. IT개발 연봉 많이 줬습니다. 왜? 사람이 없으니까. - 지금도 많지만 조금씩 평균연봉 감소되는 중 - 왜 ? 다들 자바양성개발6개월 등 국비지원 교육 받아 개발직하려고하니까 사람 많아져서 사람 구하기 예전보다 쉬워짐. 3. 웹디자이너도 같은 맥락이죠. 수요가 많습니다 (사람이 많다는 뜻) 4. 초대졸/4대졸이 아닌 집 앞에있는 직업전문학교 아무데나 홈페이지 들어가보세요. 뭐가 많나요 ? 웹개발, 웹디자인 영역 바로 뜨죠? (그린아카데미, 에듀윌, 이젠아카데미 등) 대졸자 아니어도 실업학원가서 배우고 취직할 수 있습니다. 대졸자는 자기 4년제 나왔으니까 초봉 높은거 따질텐데, 실업학원 다녔던 분들은 연봉이 낮아도 많이 주는걸로 생각할수도 있고, 욕심이 대졸자보다 없을겁니다. 회사는, 인건비 절약을 해야합니다. 같은 실력 또는 오히려 실업학원에서 빡공으로 실용적인 기능만 배운 사람들이 더 좋은 실력을 가질 수 있습니다. (대학과 다르게 취업전문학교니까 포트폴리오도 다 봐주고, 실무에 당장 써먹을 수 있는 스킬 중점으로 가르치고 배웁니다) * 결론 = 수요가 많을수록 가치는 낮다.",웹디자이너 / 8년차 - 곧 8년차고 월급으로 세후 465만원정도요. 스텍 쌓기 나름이에요. 쇼핑몰 웹디로 시작하긴 했는데 쇼핑몰쪽은 개인사업자라서 정말 대우도 박하고 짜고 UI.UX 구축쪽이 많이주는 편이에요. 전 여기에 포토샵+일러스트에 프리미어.에펙.XD.FIGMA 등 서브툴 익혀서 몸값 꾸준히 올리고있어요 공부 열심히 하세요 ㅎ,웹디자이너 / 2년차 - 네 매우 적어요 현직 웹디자이너로 일하고있는데 진짜 짭니다.. 사실 디자인쪽은 거의 다 연봉이 적어요 업무의 퀄리티가 잘 나와서 만족스러운 디자인을 했을땐 뿌듯하겠지만 연봉을 생각하면 솔직히 추천 안해드리고싶어요... 야근도 엄청 많고 클라이언트의 요청을 들어주기 위해 대기하거나 철야도 많이 합니다. 야근수당 안쳐주는곳도 많아요. 그런곳은 제발 가지마세요.. 연봉이 일반직장인 월급과 비슷할 순 있는데 일반 직장인들이 디자인 에이전시에서 일하는 디자이너들만큼은 야근은 안할거에요 야근수당이 없기때문에 더 짜다고하는겁니다...! 인하우스라고 일반 기업 디자이너로 들어가면 디자인도 하고 연봉도 일반 에이전시보다는 높습니다. 저는 진짜 나는 공부를 열심히 할 수 있어 일에 치이고 공부에도 치여가며 열심히 치열하게 살거야! 하시면 에이전시 추천하고 나는 꾸준히 일하며 평범한 연봉받고 워라벨 즐기고싶어 하시면 일반기업 추천합니다!,웹디자이너 / 7년차 - 개발자나 일부 많이받는 분야말고는 일반직장인이면 월급받는게 다 거기서 거기예요. 저는 평범한 중소기업 웹디이고 6년경력에 3600받고있어요.,"편집디자이너 / 2년차 - 웹디자인은 돈 많이 줍니다. 그 외 디자인 업무는 돈 못벌고 취업난도 장난아님. 요즘 세대가 그렇슴. 글구 웹디자인도 업무가 다양함. 개발/기획/설계/웹디자인홈페이지 구축 막 여러가지. 그중에서도 웹퍼블리셔, ui,ux, 홈페이지구축, 개발쪽이 개발하는거 뭔지 아시죠??????????????c언어 자바스크립트 액션스크립트 막 함수 여러가지 넣는거 개발부서가 돈 많이범. 도움 되셨길 바라며;","시스템엔지니어 / 25년차 - 하시고 싶은거 있으면 일단 연봉 떠나서 진입해 보시고 , 자신의 한계를 극복해야 할 때 생각해 보셔도 늦지 않아요. 화이팅!","웹디자이너 / 11년차 - 제 최종 연봉은 5700입니다. 최근이 아니고 이미 이전에 6000받았었고 최근이 그렇다는 거에요. 적나요? 삼성보다야 적겠지만, 열심히 하고 적극적으로 하고 많이 하고 잘하면 인정받아요. 안하고 버는건 없자나요. 하면 벌어요. 오래 하다보니 여유가 생겨서 빨리 끝내고 배우러도 다니고 그럽니다. 돈부터 걱정하면 어디서 뭘해도 불만족일거에요. 전 연봉 1800에 시작했어요. 물론 초기엔 개고생도 많이 했고, 삽질도 많이 했죠. 서른 전후로 가장 재밌게 일했고, 가장 빠른 연봉상승곡선 시기였어요. 그러다 관리로 빠지기 싫어서 이것저것 다양한 디자인공부도 하고... 어차피 디자이너는 계속 공부하고 다듬어야 하는 직업이에요. 어느쪽의 디자이너든... 그걸 망각하고 돈만보면 그냥 기술자 되는거에요. 기술자말고 디자이너 하고 싶어서 아직도 열심히 공부합니다. 물론 기술자도 나쁘지 않아요. 원하는게 다르면 다른길을 걷게 되는거니까. 님도 원하는걸 열심히 하세요. 이나이 먹고도 관리 안하고 작업자로 인정받으면서 이직하는게 저역시 귀찮고 오해도 사고 힘들기도 해요. 그래도 전 디자이너가 좋더라고요. 디자인이 좋고. 혹 제가 님 기준에 별로 벌지도 못하면서 떠든거라면 죄송하고요. 어차피 해 본 놈만 아는거에요. 안해본 놈이 떠드는거 믿지마세요. 이바닥 구르면서 제가 느낀건 꼭 그만둔 선배놈들이 미래가 없다 하고 꼭 안해본 후배놈들이 쉽게 먹으려고만 들어요. 그런것들 보면 차라리 기술자가 아름다워요. 장인정신이 있으니까. 어쩌다보니 하소연이 되었지만, 분명한건 운전하다 딴생각하면 사고나는 거에요. 아직 운전중이시라면 일단은 목적지까지 가세요. 가보는겁니다.","웹디자이너 / 10년차 - 디자인 : 하면 할수록 늘게됩니다. 기초 포토샵 일러스트 html css 배우고 현업으로 고거싱하십시요. 1~2년 정말 열심히 해보세요. 하루 8시간 디자인하면서 새로 태어남을 느낄것입니다. 어느 정도 자신의 실력에 자신이 붙었을때... 3, 4년차 에 갈아탈 것을 알아보세요. 초반에는 꾸욱 참고 전진하세요. 좋은 사수 만나면 더 좋고... 초반에는 주위환경을 디자이너들로 가득 채우세요... 디자이너밭에서 디자이너 나는법 입니다. 화이팅!",디자인·CAD / 4년차 - 물론 저기 하기 나름이겠지만 경제적인부분도 중요하게 생각하신다면 저는 비추합니다. 현재 6년차인데 적성은 맞으나 경제적인 이유로 후회하고있는중이에요,"웹디자이너 / 5년차 - 제 경험상 어떤 회사냐에 따라 다른거 같아요! 회사에 여러 팀, 부서가 있는경우 보통 제가 있던 곳들은 디자인팀 연봉이 좀 더 높았어요!"
2019-12-30 수정,"조회수 79,720",잡코리아-취업톡톡,홍익대학교,희망연봉은 어떻게 적어야하나요?,"제목 그대로입니다. 중소, 중견 취업을 원하는데 희망연봉은 어떻게 적어야하나요? 하한선으로 적어야하나요, 아니면 깎일 것을 예상하고 조금 높게 잡아도 되나요?(2천 중후반 써도 되나요) 채용공고에 협의 후 혹은 면접 후 결정이 많아서 희망연봉을 안적고 이력서에 협의 후 결정이라고 체크해놨는데ㅠㅠ 회사측에서는 희망연봉을 꼭 기재해서 보내라고 하네요... 물론 사람마다 다르겠지만 팁 좀 알려주세요ㅠㅠ!!",인사담당자 / 6년차 - 신입이면 그냥 회사 내규 적으세요. 경력도 없는데 뭘 바라십니까? 회사 내규 금액 듣고 판단해도 안늦어요.,"기계엔지니어 / 7년차 - 최대한 높게 적으세요. 그리고 내가 이직무를 하기위해서 학교생활때나 또는 관련된 아르바이트 또는 기사자격증등 이런 공부를 해오고 이길을 가기위해 준비를 해왔다. 비록 신입이지만 자신있게 해 나갈 수있다. 근거있게 개인사적인 생활 외에 회사업무와 회사비젼에 맞게끔 어떠한 계획과 목표를 가지고 이런 방향성으로 나갈것입니다. 말로만이 아닌 증명을 해서 보여드리겠다고 비록 시간이 조금 걸리겟지만 회사 집 회사 집 월급 루팡이 아닌. 실직적으로 이 회사에 필요한 인재가 되기위해서 스스로 교육도 받으러 다니고 전시회도 다녀보고 식견들을 늘려서 이 분야에서 모두가 우러러볼수있겟음 pm이 되겟다고 이렇게 말해보세요 그러면 면접관이나 사장이 신입인데 이애 무슨 패기가 이렇게 쎄노. 쫌 당황 스럽네; 일반 신입들 평타기준에서 더 높게 점수도 받을수있고 연봉도 높게 받을수도 잇어요 ㅎ 이건 입사하기 전 들어가기까지 관문이고 인제 들어가서는 여러복합적인 관계에서 잘 해나가야 합니다. 업무적인 스킬이나 방향성은 위에서 잡아주어도 안에서 실무적인것들은 스스로 해야하거든요. 어느정도 사수에게 팩트적인것들은 가르침 받을 수 있지만, 회사는 학교가 아니잖아요 이런말 있잖아요 ㅎㅎ 무튼 신입은 패기가 넘처야 합니다. 그래야 윗분들이 좋아하거든요 왜냐면 나이드시면 남성호르몬이 쭉~~ 줄어들어서 힘도 쨔치고 두뇌 회전이라든가 새로운 개방적인것들을 받아들이는데 드뎌지시거든요. 그럼 젊은 에너지를 부러워하세요. 대신 노련미와 쌓아온 겸험으로 대부분 풀어나가시는 분들이라 넘사벽이시죠. 그런분들 잘 맞쳐줘서 생활하시면 사회생활 무난히 해 나갈거라고 봅니다 화이팅 하시고요 코로나 조심하시고요 화이팅~~~",10년차 / 02학번 - 희망 연봉을 자존감으로 보기도 합니다. 본인 평가 점수라고 볼 수있으니 아랫 댓글대로 평균보다 10~20%가 적정선인듯 합니다,"17년차 / 95학번 - 신입이라면 업계 평균, 경력이라면 관련 업계와 직무의 경력이라야 인정됩니다. 일반적인 중소기업은 중견기업보다 보수가 낮은 편이어서 1~2년은 업무에서 인정받고 협상을 통해 인상하거나 이직하면서 보수를 올리는데 이직이 많으면 그만큼 (-) 되기도 합니다.",9년차 / 03학번 - 해당회사와 동종업계 회사에 직급별 연봉조사를 하여 그에 준하게 적으면 좋을 거 같습니다. 회사내규라고 적는게 안된다면요.,1년차 / 13학번 - 희망연봉 (회사내규) 로 적으세요,6년차 / 07학번 - 저는 높게 적고 괄호 (회사내규 협의가능) 적습니다.,"6년차 / 08학번 - 잡ㅍㄹㄴ에서 검색하거나 주변에 시세를 물어서 연봉정보 좀 파악 후, 애초에 나와 맞지 않으면 지원하지 않음 파악된 연봉에서 비슷한 선에서 100정도 높게 적으셔요.",12년차 / 00학번 - 회사내규(받고 싶은 연봉),07학번 - 2600~2700으로 적어야 하지 않을까 싶습니다. 어떻게 보면 눈치싸움이긴 한데 사측에서 상황이 힘드니 더 깎자고 제안하면 그걸 다시 들어보고 결정해도 좋을듯 합니다. 근데 받는사람 입장에서도 생활은 되어야 하잖아요. 100이상 깎으려한다면 안가시는게...
2020-06-17 작성,"조회수 79,395",잡코리아-취업톡톡,웹개발자,비전공자 개발자로 취직하면 어떤가요??,안녕하세요 23살인 여자입니다. 저는 2년제를 나왔고 제 전공은 지금 하려는 일과 완전히 다릅니다. 지금 거의 신생아 수준이고 최근에 알게되어서 잘 모릅니다. 이제 시작해보려고 하는데 괜찮을까요?? 팩트로 두들겨 주세요ㅠ...,"웹개발자 / 4년차 - 안녕하세요 비전공자 중급 개발자입니다. 저도 문과출신으로 개발과는 전혀 상관없는 전공에다가 남자이지만 컴에 컴자도 모르는 컴맹수준이었고 뒤늦게 IT로 진로를 변경한 케이스입니다. 29살때 6개월정도 국비지원 IT교육 후 30살에 취직을 했습니다. 무슨 전공이신지는 모르겠지만 만약에 전문직이 아니라면 개발자를 추천드립니다. 장점과 단점을 나눠서 말씀드릴게요. 장점 1. 전문직(요즘같은 시대에 어설픈 사무직보다 괜찮다고 생각합니다.) 2. 타 직군에 비해 학력 전공이 중요한 편은 아님 3. 본인취향에 따라서 회사취직하다가 프리랜서로 전향할 수 있음 4. 스펙에 비해 좋은 회사로 이직할 가능성이 꽤 있음(저와 주위사람들 본 경험) 5. 업무를 꽉 잡는다면 누가 뭐라 할 사람 없음(예를 들면 은행 여신이나 수신, 외환 업무 등등..) 6. 조직문화가 옅은 곳이 더 많은 비율을 차지하는듯(이건 그냥 개인경험이라.. 아니라고생각하는분도 있을수있음) 단점 1. 알면 알수록 방대한 분야(공부를 해도해도 끝이없음...ㅠ) 2. 전공이 아니기 때문에 기초지식이 약할수있음(공부하기나름) 3. 잘못걸리면 야근생활화 마지막으로 말씀드리자면 개발자라고 해서 TV에서 보듯 앱 하나 뚝딱 만들고 주말에도 프로그래밍하는 사람들만 있지 않습니다. 본인이 생각했던것보다 더 부담없이 도전해보셔도 좋을거라고 생각합니다.",요리사 / 23년차 - 인생은 용기와 도전 입니다 청춘이여 도전하라 홧팅,"12년차 - 완전히 다른게 더 낳알듯합니다. 새롭게 알게돼는게 더 정확하게 알수 있을것같네요. 알송달송하면 더 어렵지만, 모르는체 하는것이 확실하게 배울수있는기회라 생각합니다. 화아팅!",전기기사 / 14년차 - 처음에는 다 똑같습니다 누가 더 빨리 적응하느냐에 따라 달라집니다,광고디자이너 / 3년차 - 프론트 기준 국비 절대 가지 마시고 부캠 가세용,앱개발자 / 15년차 - 팩트로 두들겨 줄께요. 저는 전공자로 28살에 개발자 시작해서 14년 넘게 밥벌이하고 있는 개발자 입니다 개발자는 꾸준히 공부하고 스킬업하면 나이들어도 할수있는 직업이에요 제가 아는 개발자 어르신중에는 환갑 지나신 분도 계십니다 다만 꾸준히 매우 열심히 지속적으로 공부 하셔야 해요 마음의 준비가 되셨으면 대충 알려주는 국비지원 학원 가지 마시고 우테코 같은 네임드 부트캠프 추천 드립니다 단순히 전망이 좋아보여서 시작하면 후회하실수 있으나 혹시 모르죠 진짜 개발자가 적성에 맞으실지도요,이벤트·웨딩플래너 / 11년차 - 직장 생활을 하다보면 경험했던 모든일들이 베이스가 되어서 어떤 업무에든 호율성을 올리는것 같아요. 이왕 시작한 일이라면 열심히 배우셔서 내공을 쌓으시면 좋겠어요 불안해 하지 마세요~~^^ 화이팅!!!,27년차 - 응원할게요 ^^화이팅하세요,1년차 - 괜찮습니다!! 아직 어리시니 하고 싶은 일 꼭 해보세요!!,"웹개발자 / 8년차 - 안녕하세요. 충분히 어떤 일이든 도전 할 수 있는 나이입니다. 비전공자도 가능합니다. 저도 비전공자로 시작했습니다. IT관련 직업전문학교를 통해서 공부할 수 있고, 또는 유트브 사이트를 통해서 도 가능합니다. 기본 기술을 습득 후 신입으로 입사하여 회사 일과, 관련된 공부를 하면서 조금씩 성장하게 될 것입니다. 먼 미래의 내 모습을 상상하며 열정적으로 도전하는 모습이 중요한 거 같습니다."
2020-05-26 작성,"조회수 78,787",잡코리아-취업톡톡,그래픽디자이너 / 호서대학교,서류 지원하면 보통 며칠 안에 합격 불합격 알려주나요?,서류 지원하면 보통 며칠 안에 합격 불합격 알려주나요? 요즘엔 알려주지 않는 기업도 많다고 하던데..합격됐으면 보통 3일 안에는 연락 주나요..?,"그래픽디자이너 / 7년차 - 불합격은 통보 안하는 기업이 많아요 대부분 서류접수부터 대략 한달 정도 걸려서 이메일이나 문자로 통보해주긴 합니다 물론, 합격시에는 연락이 일주일정도 사이에 온다고 보시면 될거 같아요",외국어강사 / 1년차 / 12학번 - 아니오. 요즘은 불합격 문자도 통보하지 않는 경우가 많아요. 저도 지난 8월 20일에 키스템프 용인시 어학운영업무 서류결과 발표를 당초 8월 24일에 발표하기로 하였으나 발표가 늦어지는 경우가 대다수네요. 게다가 요즘 코로나 19 때문에 서류전형 합격하는 것도 하늘의 별따기인거 같아요. 물론 합격하는 사람에게는 개별연락으로 가는 것으로 알고 있어요.,인사담당자 / 9년차 / 03학번 - 법적으로 불합격 통보해주도록 되었습니다. 길어지는 경우에는 2주 정도 소요되기도 합니다. 회사에 따라 다르기에 얼마정도에 답이 온다라고 하기 어렵습니다~,09학번 - 불합격통보는 회사측에서 먼저 해주는 곳은 거의 없고 한 일주일뒤에 물어보면 알려주긴 합니다. 합격통보는 빠르면 3일이내~일주일정도겠네요,10년차 / 02학번 - 면접볼때 언제 연락준다고 알려줘요~ 그리고 보통 일주일안에는 연락오고 안오는건 안된거에요,머신러닝엔지니어 / 20년차 / 92학번 - 직접 전화로 알아보세요. 제 경험상 그게 제일 확실함.,그래픽디자이너 / 35년차 - 안녕하십니까 보통 서류 불합격자는 연락 을 해주는데는 없습니다~~~참고해 주시면 감사하겠습니다,그래픽디자이너 / 11년차 - 1주일후에도 안오면 걍 떨어졌나보네 하고 잃어버리세요... 서류 통과 여부는 대기업 말곤 연락 안줌..... 면접 보시고도 일주일 안에 연락 없음 떨어졌구나 하고 잃어 버리시는게 맘 편하구요....참고로 서류든 면접 보고 바로 연락오는곳은 일이 진짜 급하거나 사람들이 오래 못 버티고 수시로 그만 두는 회사가 많음...,10년차 / 03학번 - 합격통보는 보통 일주일 안에 옵니다. 불합격통보는 대부분의 기업이 연락을 주질 않습니다.,웹퍼블리셔 / 21년차 / 91학번 - 서류통과는 불합격을 알려주는 곳은 거의없습니다. 지원자만해도 몇십에서 몇백명인데 서류 통과 결과는 통보는 어려운 일입니다.
2021-02-05 작성,"조회수 75,201",잡코리아-취업톡톡,MD,TF팀이 뭔가요 ?,Task Force 팀이라고 알고있는데 부정적인 뜻일까요?? 임시조직??,"MD / 11년차 - 부정적인게 아니라, 오히려 능력있는 인물을 넣어야 하겠죠. 왜냐면 새로운 프로젝트를 위해 결성한 임시팀이니까요. 그 과업을 성공시키거나 이뤄내고 해체될 수도 있고, 타부서로 상황에따라 배치시킬 수도 있고, 그건 회사마음입니다. 어떤 목적으로 결성이 되었느냐에 따라 다를거에요.","인사담당자 / 10년차 - 회사에서 특정한 목적을 달성하기위해 임시로 만든 팀입니다. 당연히 부정적인 뜻은 아니고, 보통 중요한 일에 투입됩니다. 목적 달성 후에 돌아갈 곳이 없을 수도 있다고 생각하실 수 있는데.. 보통 잘 돌아가서 자리잡습니다. 일 못하는 사람들을 보내지는 않으니까요.",MD / 25년차 - Tesk Force Team 특별하고 긴급한 문재 해결을 위해 만들어진 임시조직,MD / 5년차 - 프로젝트를 완성시키기 위해 만든 팀이라 생각하시면 됩니다,웹기획 / 6년차 - 프로젝트 팀이에요 TF 라고도라고 TFT 라고도 하고,금융영업 / 20년차 - 특별한 과업을 추진하기 위해 임시적으로 만든 조직으로 과업완수 후에 조직이 해체되더라도 유관부서로 편입될수 있기 때문에 부정적이라고 접근하지 않으셔도 됩니다,자재관리자 / 2년차 - 찾아보면 나올텐데요.. 새로운 과제에 대해 전담팀을 조직하여 만들고 그게 달성되면 다시 해체되거나 본래 부서 또는 조직으로 돌아가는 그런,,,
2020-08-06 작성,"조회수 65,889",잡코리아-취업톡톡,QA,Qa업무 어떤일을하나요 게임회사입니다,Qa게임회사 직무는 주로 어떤프로그램을자주사용하고 경력무관 학과무관 생신입이 도전할수있나요 코딩업무도있나요 영어사용도 많은지궁금합니다 품질보증이면 보고서작성시 ppt작업이많나요, 자동화테스트가 적용된 기업이라면 경우에 따라 자동화스크립트를 짜는 코딩을 해야할 수 도 있습니다.,"네트워크엔지니어 / 16년차 - QA라는 직무는 품질보증이라고 번역하는데요... 주로 하는 일은 제품의 설계 및 생산과정 또는 고객의 요구사항이나 시장의 잠재수요 분석 등에 행해지는 여러 절차 과정을 정의하고 수립하는 직무에요 주로 신입은 고참 밑에서 잡다한 문서작업을 하게됩니다 엑셀을 많이 사용합니다 엑셀 함수랑 수식에 대해 잘 알면 인정받을 수 있습니다 우리나라에서는 QA를 단순히 테스터와 같은 뜻으로 쓰기도 합니다 QA가 코당하는 일은 없습니다만, 경우에 따라서 하는 사람도 있긴합니다","QA / 5년차 - Qa가 품질 보증이기 때문에 코딩을 직접 하는건 아니고요. 게임 게발에 참여하는 개발자나 기획자 등등 유관부서에 문제점을 다 공유하는데요. 이때 회사마다 다르지만 bts라고 버그 트레킹 시스템을 사용합니다. JIRA, Redmine, Mantis 요 세개가 주로 쓰이는 bts 프로그램이에요. 영어도 회사마다 달라요. 외국 지사가 있는 회사면 영어를 써야겠죠. 또는 해외런칭 준비라던지. 그것 말고도 영어는 알면 좋아요. 해외 qa자료라던지 애자일 사례 이런거 보면 좋거든요. 보고서도 회사마다 다를테지만 저는 엑셀로만 작성해봤네요. 엑셀에서도 차트나 뭐 그림삽입이 다되서 저는 엑셀만 썼어요. 게임qa는 경력이나 학과보다 게임에 대한 이해와 지식이 많이 필요해요. 게임을 분석하거나 레벨 또는 퀘스트 구간별 허들이나 허점 이런거 찾는 능력 또는 플레이에 있어 변수나 의도적인 버그플레이를 찾는거? 요런게 중요합니다. 그리고 요즘 추세가 간단하고 기본적인건 자동화를 구축하는 추세여서 자동화 관련 코딩과 api 테스트 요정도는 코딩할 수 있으면 베스트입니다.",QA / 7년차 - 주로 업데이트 사항을 테스트를 하게됩니다. 상황에 따라 치트툴 버그등록툴을 사용하지만 이 역시 난이도는 낮은편이라 학과에 관계없이도 신입으로 들어오셔서 배우고 적응하시는 분들도 계십니다. 코딩은 알면 좋겠지만 사용하지 않기때문에 모르셔도 괜찮습니다. 영어는 상황에 따라 사용을 필요로 하는곳이 있고 없는곳이 있습니다. 보고서의 경우 ppt 작업으로도 할때가 있지만 엑셀을 주로 활용하여 지표로 보여줄때가 더 많습니다.,QA / 14년차 - 게임 qa는 아니구 software qa 경험자 인데요. 보통 개발 중인 software를 가지고 플레이스토어 같은 마켓에 배포되기 전에 먼저 해보고 결함을 찾아내는 직종이에요. 테스트 할 때 회사에서 사용하는 테스트 툴이 있는 회사는 그걸 가지고 테스트를 하시면 되고 따로 없으면 그냥 개발중인 software로 하면 됩니다. 학과무관 이나 생신입 입사는 회사가 결정해요. 코딩 업무는 없지만 software 구조나 네트워크 구조 os 구조 등 프로그램이 동작하는 원리를 알면 테스트 하는데 유리합니다. 영어를 말하진 않지만 자주 읽어요. 간단간단한 문장 검색해서 해석할 수 있는 정도의 독해능력은 필요해요. 문서작업 도구 사용 비율은 엑셀 60% 워드 20% 파워포인트 20%정도 됬습니다., QA업무는 게임 기획단계부터 개발된 게임에 대해 테스트 계획을 세우고 개발이 완료되면 출시 전까지 다양한 환경에서 게임을 테스트해 버그가 없는지 밸런스가 적절한지 등을 평가하고 문제가 있을 경우 개발자나 기획자한테 보고하는 업무를 합니다 아마 코딩업무는 없을거고 학과 무관하게 뽑는 경우도 많지만 관련 학과 전공이면 유리합니다. 게임QA는 게임을 많이 좋아하는 사람이 아니면 좀 힘들수도 있습니다,,,,
2020-07-13 작성,"조회수 64,150",잡코리아-취업톡톡,납품·배송기사 / 쿠팡(주),쿠팡맨 일 그렇게 힘든가요?,쿠팡맨 생각하고 있는데요 힘들다 절대하지말라는 사람많던데 현재 알바식으로 근무하고 있긴하지만 물류센터에서 일하고 있는데요 지금 일하는 물류센터도 5~6시간 밖에 일 안하지만 쇠덩어리나 무거운물건도 좀 있어서 힘들다는 사람 많고 하루하고 그만두는 사람 천지인데다 심지어 일하다 도망가는사람도 많을정도인데 저는 나름 못할정도는 아니라서 계속하고있는데요 (물론 안힘든건 아닙니다 이정도 물량만하면 끝난다하는 정해진양도 없고 5~6시간 계속 분류해야되는거라 힘든일이긴한데 그냥저냥 할만하다는거죠 일반택배 상하차보다 좀 덜힘들다정도?입니다) 제성격이 상사랑 트러블나서 스트레스받는다거나 정신적인 스트레스받는거보단 차라리 몸힘든게 잘맞는 스타일이거든요(택배 상하차 같은 극도로 빡센거만 아니라면요) 실제로 사무직이나 경비직 같은 가만히 서있거나 앉아 있는일은 3일안에 그만둔적이 몇번 있구요(체질에 전혀 안맞아요..) 또 정해진양이 있으면 없는거보단 훨씬 힘이 나는 스타일이구요 아무튼 쿠팡맨 일이 그정도로 힘든가요? 그만두는 사람도 많다하고 한번도 해본적이 없어 걱정도 되고 궁금하기도 하고 해서요 다만 아무리힘든일도 그 일이 맞는사람은 계속하고 안맞는사람은 쉬워보이는일도 금방 그만둔다고 생각하긴하지만요 (개인적으론 사무직 공무원 편하다는 사람들 전혀 이해안갑니다.. 그냥 사람마다 체질이 다르니 그러려니 할뿐이죠 사무직분들도 저같은사람 이해 못할겁니다ㅎㅎ) 무튼 해보신분들 의견부탁합니다,"시설관리자 / 12년차 - 배송쪽은 어디든 고정맴버가 있는데. 그외 신입이 들어오면 잦같은곳만 줍니다. 차로 들어가기 힘들거나, 골목골목, 다른 직원들이 절대 가고싶어하지않는곳만 골라서 줘요. 특히 쿠팡은 처음 2주는 70가구인데. 그후부터는 100~200가구 줍니다. 컬리도 마찬가지지만 시간내에 못끝내면 엄청 뭐라하는데. 애초 자기네들이 안좋은곳,처음가는곳 보내면서 빨리하라고 해요",인사담당자 / 6년차 - 그 유튜브 쿠팡맨 후기보면 힘들어 죽을려고하던데요?,온라인마케터 / 23년차 - 보이는 길로 조금 더 마음이 가는 길로 가세요. 중간에 포기하고 털썩 주저앉지만 않으면 결국 목적지에 도착할테니까요^^,8년차 - 살면서 이런 일 언제 또 해보시겠습니까 본인이 원하시는 방향대로 하세요,네트워크엔지니어 / 7년차 - 그런 정신이시라면 다른 일도 참 잘 하실겁니다. 다른 일도 해 보심이 어떠실지 싶습니다.,화물·중장비기사 / 전직장 - 딱 한달 야간하고 병원에 한달 입원 했습니다...,31년차 - 노력하는 사람은 즐기는 자를 못당한다고 하잖아요 일하는 것은 내 생계와 관련이 있기 때문에 열심히 하는 것이죠. 사람은 누구나 자신의 역할이 있습니다. 사무직이 편하다고 모두 책상에 앉아서 일할 수 없고 활동하기 좋아한다고 해서 모두 마라톤을 할 필요는 없습니다 내 적성에 맞고 내가 하고싶은 일 내가 자신있는 일을 하는 것이 중요하고 또 그런 일을 할때 다른 사람에게 인정받고 나 자신도 보람이 있는겁니다. 지금하는 일 잘선택 하신겁니다^^,"사회복지사 / 전직장 - 맞아요. 개인별 성격 및 취향 & 특성 다르듯:)업무가 자신과 않맞다고 하는 (본인과 다른 성향의)사람에겐, 뜬금없 ""해=남쪽서 뜨게 바꼈다""는 헛소리같이 않맞는 소립니다. 즉, 열심히 일하고잔 타고난 열심.습성인 분:) `되는데로 가능한만큼 열심.하자~` 생각으로 타고난 내성적, 학식파, 등...의 사람-견해완 아예 다릅니다. P.s)빈곤까지 직.경험 해본 사람의 시각과 평생 돈귀한줄/열심-필요한줄 모르고 부잣.자식으로 자란 사람의 시각은, 아예 다릅니다. P.s) 사업 진출계획과 탐색 차 중국에 가서, `사회주의의 실체` 본 사람과 그저 강남부잣집 부유히 사는 소리, 그런게 상상못할만큼 부유치는 못하게 자라더니 결국 `부자=적` & ""세금으로 부자들의 다 뺏어야되?!""사회주의 사상잡힌 사람. 의 생각 다르듯이요. P.s) 전, (과거 사회주의, 북한공산주의-우호 정권 시절, 그저 같은정치색이란 이유로, 1계열 자격증도 없이, 그저 지인-빽빨로, 고위직 앉고는, 부하직원들에게, 하룬 #시간의 ""사회주의.강의"" 하질 않나, 공공.기관장이면서, ""반정부시위-참여하자` 헛짓하질않나... 에 휴.. 휴.. 휴.. 직.경험 있습니다.. 참나... 예전 (위대한 박.정.희-대통령님 시절 같음)바로 간첩 신고하고픈데 말이에요....","네트워크엔지니어 / 13년차 - 돈 마니벌구 싶으면 하세요, 다만 힘들다는건 염두해두고 하세요. 친구가 쿠팡하는데 월800이상 벌수 있어요...",기술·전문강사 / 21년차 - 지난 2주간 쿠팡물류센터에서 일을 했습니다 님이 현재 하고 있는 일보다 쉬울거라 생각되네요 50이 넘어서 저도 하는 일이면 힘든 일이 아니겠죠 대신 상하차(Hub) 만 아니면 단순한 일이고 쉬운 일입니다 지점마다 다르겠지만 고양시 물류1센터와 3센터를 추천드리고 참고로 2센터는 배송물품이 신선도를 유지해야하는 식자재로 부피가 큰것으로 알고 있습니다 인천이나 부평도 괜찮다는 이야기를 들었지만 왠만하면 본인 거주지에서 가까운 곳으로 가시면 될 듯합니다 `쿠펀치`앱으로 날짜와 시간 그리고 출고(OB) 입고(IB) 상하차(HUB) 재고조사(ICQA) 이 넷 중에 하나 선택하면 됩니다(HUB만 빼고 선택하세요) 허브만 힘들고 나머지 셋은 여성분들도 하는 포지션이라고 생각하면 됩니다 일당은 다음날 저녁에 바로 입금되니 이만한 쉬운 일도 없죠
2021-09-03 작성,"조회수 64,008",잡코리아-취업톡톡,경영·비즈니스기획,26살 백수 어떤 삶을 살아야할지 모르겠어요,고등학교 졸업을하고 자격증은 언어 자격증 하나랑 고등학고때 딴 자격증 두개뿐입니다...토익을 준비해야될지 생각도 햇지만 사무직도 관심이 없고 미래 계속 내가 돈을 벌어도 사무직에 일하면 가만히 앉아있는걸 못해 시간이 지나도 행복할까 생각이 들기도 하더라구요.. 하고싶은거는 작년쯤에 그림이라는것을 접하고 1년동안 계속 계속 했지만 이 길로 가고싶다는 생각이 들지만 예체능 분야에 발목이 잡히고 걱정만 앞서고있습니다 또 나이도 먹어가는데 부모님 밑에서..눈치도 보이고 그렇다고 이 나이에 그림이라고 남들 허황된 꿈이라며 그림만 그리면서 잘 못되지 못해 스펙 준비 안하고 나이만 먹고 고생을 할까봐 그것도 걱정되서 생각이 많습니다...그림을 포기하면 뭐를 할지도 몰라 토익이랑 자잘한 자격증을 준비할려했는데 여기서 대부분 사람들이 비추천을 하더라구요..토익도 기본틀이고 자격증말고 기술 배워라 많이들 말씀하셔서..저는 앞으로 어찌 해야할지 요즘 잠도 못들정도로 계속 걱정이 드네요..,"- 저도 26살 백수입니다. 근데 저희 아직 너무 가능성 많고, 어려요! 물론 저도 무기력할 때는 하루종일 핸드폰만 할 때도 있지만 그래도 어쩌겠어요. 이미 태어났고, 시간은 흘러요. 내가 왜 이럴까? 보다는 앞으로 어떤 인생을 살지, 어떻게 인생을 살아갈지에 대해서 생각하고 앞으로 우리 나아가도록 해요!! 80살되서 보면 지금 늦다고 생각한 건 늦은 것도 아닐 거에요!",캐릭터디자이너 / 7년차 - 아직 고졸이시면 전문대나 사이버 대학이라도 대학교 졸업장이 있으면 무조건 좋습니다. 그림은 제대로 한번 해보세요. 아직 26살이면 뭐든지 할수있습니다. 당장 그 나이때 기분은 다급하겠지만. 지방에 있는 사람들도 서울에 고시원이나 잠깐 자취하면서 학원 다닐려고 오는사람들도 있다고 들었습니다. 퀄리티 높은 학원이나 온라인 과외 같은거 찾아서 한번 제대로 배워보고 재대로 포트폴리오도 만들어보세요. 개인적인생각인데 하루 8시간이상 일하는데 이왕이면 하고싶은거 하세요. 인생 짧아요,6년차 - 안녕하세요 저도 같은 26살 입니다. 제가 보기엔 저보다 더 나은 삶은 살고 있는 거 같은데요? 저는 자격증 하나도 없고 고등학교 때 부터 알바만 해오다가 20살 때부터 사회생활 하고 퇴직금만 바라보다가 어느덧 같은 곳에서 4년을 지내니 자격증을 따기에 너무 늦은 나이 같다고 느꼈습니다. 그래서 지금 직장을 관두게 되었습니다. 나이가 먹으니 더는 늦어서는 안될 거 같단 생각에 지금이라도 자격증 공부 하려고 합니다. 작년에 코로나 터진 후에 다른 일자리 못 구할까봐 쩔쩔 매던 저였는데 이제는 그냥 마음 편히 놓고 지내니 하루하루 괜찮게 지내고 있습니다. 그러니 너무 부정적인 생각보다 좋은 생각만 하면 더 좋은 길로 갈 수 있습니다! 오늘도 고생했고 내일을 위해 더 나은 삶은 사시길 바래요!! 하고 싶은 걸 찾는게 우선입니다!!,"- 하고싶은거는 그림인데 예체능 분야에 발목이 잡히고.... 너무너무 공감해요. 저는 지방대, 영어점수 無, 해외경험 無, 자격증 1개로 살아왔어요. 저는 25살에 글 쓰고 싶어서 서울에 왔는데 글만 쓸 순 없으니 또 생활비를 벌어야 하잖아요? 그렇게 아르바이트, 계약직 하면서 ""나는 글 쓸꺼니까 경력따윈 상관없어"" 이런 한 치 앞도 모르는 생각하다가 29살이 돼버렸어요. 한 편의 완성된 글도 없이요. 마음이 너무 촉박하지만 과거의 나도 그때 할 수 있는 최선의 삶을 살았기 때문에 너무 자책하지는 않으려구요. 딱 2년만 그림만 그려보시는 건 어떨까요? 최소한의 생활비만 벌고, 딱 2년만 뭔가에 열중할 시간이 가지신다면 후회는 없을 것 같아요. 너무 높은 목표만 잡지 않으신다면 26살은 절대 조급할 나이가 아닌 것 같아요. 그래도 너무너무 조급한 마음이 들면 그림을 포기한다 담판 짓지 마시고, 그림과 관련된 직업군을 쭉 찾아보세요. 저는 제 글을 쓰는 게 목표지만 제 글을 쓰려면 그 세계와 그 세계의 사람들도 알아야 하고 뭐 그런 등등의 것들이 있으니 그걸 늘 접할 수 있는 곳에서 일을 하는 걸 첫 번째 목표로 준비해보시면 어떨까 싶네요. 진짜 다른 분들도 누누이 말하지만 26살은 젊고, 이런 고민 너무 당연하고, 꿈이 있는거 자체가 다행이라고 생각합니다. 평생 컴퓨터 앞에 앉아서 아무 꿈도 없이 살아가는 삶은 29살인 저도 아직 용납이 안돼요. 제가 아직 정신 못 차린거지만, 꿈이 없어지는게 더 못 견딜 것 같아요. 잠을 잘 자고, 산책도 하고, 혼자만의 시간을 오래 가져보면서 스스로에게 계속 물어보세요. 진짜 원하는 게 뭔지. 응원할게요!",12년차 - 26세 고졸 백수이신데 장래 진로에 대하여 고민 중이시면 자기 자신의 미래 가치관이 나쁘지 않습니다. 전문 기술직을 염두에 두고 계시면 기술 습득 및 이해가 우선이지만 사업.영업등을 염두에 두시면 경영학을 배우세요 경영학속에 다있습니다. 그 중에서 내가 원하는 분야에 집중해서 배우시고 실무를 접하시면 이해가 빠르실겁니다.,"경호·경비 / 10년차 - 이것저것 해보는 것이 가장 좋겠죠 저는 현재 보안일을 하고 있지만 단순하기도 하고 나름 적성이 맞아서 오래 하고 있어요 비록 4년제 대학 나오고 5개 국어가 가능하지만 그래서 이것저것 해봤지만 적성이 안맞아서 금방금방 그만 두고 이런저런 일들 해보고 하다 보니 여기까지 왔는데요 보안일은 고졸자도 지원가능하며 경력에 따라 진급도 가능하니 한번 해보시는 걸 추천 드립니다. 보안도 종류가 다양해요. 백화점, 빌딩, 은행(청원경찰), 아파트 등 월급 보시고 잘 골라서 지원 해보시면 좋을 듯 합니다. 공항이나 경호원 쪽은 키 몸무게 무술단증 등을 보지만 그 외는 전혀 보지 않아요. 근무하시는데에 큰 문제는 없을 것이라 봅니다",8년차 - 아직 어립니다. 정말 이것저것해보면서 적성찾아가시고 찾으시면 그길로 열정쏟아부으시면됩니다. 저또한 20대때 이것저것 다해보면서 적성찾다가 정말 하고싶은일 전기쪽으로 길을잡고 모든걸 다걸어서 30대인 현재는 한국전력공사에 입사해서 잘다니고있습니다.,"12년차 - 개인적으로 위 적어주신 내용을 토대로 당장 떠오르는 키워드는 ""언어자격증"" + ""그림"" 인데 ""나이가 들어서도 열정을 잃지않는다"" 라는 전제조건하에 개인적으로 IT디자인 종사직인 게임원화가 또는 3D펜이나 그림그리기 관련 1인방송, 미술번역가외 몇가지가 더 생각나지만 막연하게 당장 무엇을 하겠다기 보단 단기적(준비단계) / 장기적(목표수립) 목표를 세워보심이 좋을것같아요 일단 차분하게 자기자신이 잘할 수 있는 일을 노트에 최대 50~100가지 정도 채워보세요 그중에서 될수 있으면 나이가 들어서도 즐겁게 할수 있는 지속가능한 재능위주로 우선순위를 정해 20가지를 추려보시고 그안에서 고민해 보셨으면 합니다. 중요한건 일과 취미는 반드시 구분하시는게 좋습니다. 취미가 직업이 될 수도 있지만 개인적으로는 비추입니다. 슬럼프가 오면 좀 많이 힘들어요 당장 수입이 없다면 단기적으로 일정기간 알바로 일하시면서 취업, 창업, 창직 중에서 자신한테 잘 맞는것을 찾으셨으면해요 필요한 경제적 비용과 꼭 갖춰야하는 관련 지식 등 필요한 제반사항을 정리해서 잘보이는곳에 메모해놓으시면 심리적으로 목표의식이 생겨서 동기부여가 되니 추천드려요 이런식으로 자기주도적인 삶을 설계해보시기를 응원해봅니다.화이팅! :)",- 그래도 우리나라에서 제일 많은것은 제조업 입니다 기술을 배우면 좋지만 몸의 고단함은 감수하여야 합니다. 그림에 소질이 있다면 산업디자인 관련일이 어떨까 합니다. 의류나 도안이나 토익이 기본이라고는 하지만 아직도 영어 못하는 사람들이 부지기수 입니다 저를 포함해서 말이죠 외국어 한가지 만이라도 회화가 가능하다면 먹고 살길은 얼마든 있으니 인생 너무 걱정하지 마세요. 회화 가능하면 무역쪽으로 경력을 쌓아보기를 추천 합니다. 물론 코로나로 어려움은 많지만요 가급적 젊어서는 몸으로 하는일을 많이 해보시고 나이를 먹을 수록 힘안쓰는 방향으로 가시길 권합니다. 나이먹고 노동하면 개고생 입니다. 젊었을 때 상사도 할 수 있으면 해보시구요. 실패해도 큰 재산이 됩니다. 젊어선 두려워할 필요가 없습니다.. 나이 먹을 수록 신중해야 하지만요. . . 내가 맘먹는 순간부터 인생은 또 바뀜니다. 다 살게되느까요. . 걱정마시고 인생은 프리하게 즐겨보십시요.ㅇ,- 아이고 26이시면 머라도 아니 아무거나 다할 나이입니다 ㅜㅜ 전 외국생활 18년정도했고 일어.영어하며 대학은 의디과나와서 이것저것 정말많은일을 해보았지만 제가 26이다라면 전 우선 자격증보단 기술을 배워보고싶거나 영어를 다시한번 제대로 배워보고싶습니다 지금도 살아가는데 1%도 부족하진않지만(영어) 고급영어.전문영어에는 한참 못믿치는수준이라 영어공부하면서 기술들도 배워보고싶습니다. 지금 그냥 알바나 호프집서빙등등 그런일해봐야 당장 살아가는데는 조금 풍족할지모르겠지만 30넘고 나이가들수록 갈데없어지고 스펙내세울거없어지며 알바나 노동 힘쓰는일 단순직등밖에 찾지못할겁니다. 직업연수나 배울수있는데 나라에서 무료교육해주는데많아요 배우셔서 계통으로 취직하여 경력및 기술 습득하시던지 계획을 짜보세요 아직 인생 창창하신데 ㅜㅜ 올해 전 44입니다 ㅎㅎ 당장보단 앞을 5년10년앞보시고 준비해셔서 미래를 보고 달리세요 예를들어 장판.도배만 2~3년하셔도 일반 중소기업연봉 비슷합니다 땀흘리는거 더운거 추운거 힘쓰는일싫으시면 기술이나 스펙쌓으셔서 직장다니시구요 하루하루 시간금방갑니다 금방 20대후반 30대 40대됩니다 예전에 어른들이한말 금방간다 이제 몸소 체험하니 지난 20년 아깝고 후회됩니다^^ 열심히보단 뭔가 시작이 반이다란말처럼 시작하세요 빨리 하루하루지나다보면 백수계속됩니다 친척들이 넌요즘도노냐? 이런말할텐데 이젠 움직일때입니다!!!화이팅입니다
2018-07-03 작성,"조회수 63,719",잡코리아-취업톡톡,직무명 없음,4년제대학과같은학위인정되나요?,세종사이버대학교재학중인 1학년입니다. 4년제대학과같은 학위를준다고해서 입학했는데 막상 주변사람들한테 사이버대학교다닌다고하면 잘 모르더라고요. 법적으로말고 실제로 사회에서도 4년제대학과같은학위로인정해주나요? 회사생활과 병행하다보니 생각과는다르게 강의를잘안듣게돼서 4년제인정이 어렵다면 휴학이나 자퇴도 생각하고있습니다.,13년차 / 12학번 - 안됩니다 대학원편입해야해요,"18년차 / 14학번 - 네 인정되지만, 솔직히 일반 4년재를 나온 사람이 아닌 이상 사이버 대학은 대학원을 가기위한 중간 단계라 보시면 됩니다. 대학원을 나와서 입사하실게 아니라면 그냥 무난하게 졸업하시고, 중견 100명이상에 기업을 노리세요. 그런데 솔직히 경력이 쌓이기 시작하면 경력을 선택해서 연봉을 더받을지 학력을 선택하고 경력을 깍을지를 고민하게 됩니다. 결국 최종 학력이후 쌓인 경력만 인정되기 때문이죠","7년차 / 14학번 - 우선 방통대와 사이버대학 모두 졸업할 경우 4년제 대학과 동일한 학위를 인정해 준다고 알고 있습니다. 방통대와 사이버대 모두 편입하기 어려운 직장인이나 자영업자 등 시간적으로 여유가 없는 사람들이 4년제 학위를 위하여 공부하는 경우가 많고요. 저의 경우는 경력직으로 이직을 많이 한 편인데, 4년제 대학과 동일한 것으로 이직을 했고 이후에 이직등을 하실 때에 해당 경험을 면접 시 자세히 풀어 스토리 텔링 하시면 좋겠습니다. 저 역시도 야근과 현업 때문에 수업을 병행하기 어려웠지만 포기하지 않고 마무리 했던 것을 끈기 있는 성향으로 보여질 수 있도록 이용 하고 있습니다.","7년차 / 17학번 - 안녕하세요 후배님. 세종사이버대학교 2019년 졸업을 앞두고 있는 선배 입니다. 저는 2년제 학교를 나왔고 4년제 학위가 필요하여 3학년 편입을 통해 세종사이버대학교에 입학했었습니다. 회사를 다니는 도중에 편입을 했고 현재 직급은 과장입니다. 이부분을 알려드리는 이유는 조금더 현실감 있게 받아드릴꺼라 생각되어 이야기해드립니다. 일단 제가 4년제 학위를 딴 이유를 알려드릴께요 아주 간단한 이유였습니다 좋은스팩도 없는 저는 어쩔수없이 밑바닥부터 일을하며 실무경력을 쌓아올렸고, 같이 일하는 직장 동료들에게도 인정을 받았습니다. 그렇게 7년을 일하고 이직하고 일하고를 반복하며 제연봉을 꾸준히 올렸습니다. 소기업->중소기업->중견기업->??? 저는 이런식으로 경력을 바탕으로 밑에서 올라왔습니다. 이제 메이져급 회사에 이력서를 넣으려고 보니 4년제 이상 이라는 문구가 보이더군요.. 네 맞습니다.. 그간 고생하며 쌓아올린 경력 수많은 프로젝트 들은 제 이력서에 잘 정리하여 녹여놨지만 그 이력서 자체를 지원할수 없던거죠.. 그래서 저는 편입을 했습니다 메이져급에 제 이력서 한장 밀어넣고 제이력서 한장 봐달라고 하기위해.. 물론 학창시절부터 정신차리고 준비한 분들은 저보다 더 젊은 나이에 4년제 학위를 따고 그간 쌓아올린 경력도 있겠죠 그런분들과 경쟁을 하기위해서는 그사람들과 같은 출발선상에 서있어야 했고 그최소한이 4년제 학위였습니다. 저는 학위는 따라고 권해드리고 싶습니다 ^^..",10년차 / 17학번 - 보통 직장인들은 2년제를 나와 사이버로 편잊을 해 4년제.학사학위를 받거나 거기서 끝나지.않고 대학원을 가는 경우가 많은것 같아요..,13년차 / 05학번 - 예전의 방통대의 입지랑 같다고 보시면 됩니다. 처음에는 인식이 부족해서 안좋게 보지만 지금은 오히려 직장생활 등을 하면서 학위를 취득하였기에 더욱 열심히 생활하는 사람으로 평가받기도 합니다. 중요한 것은 병행하면서도 꾸준히 열심히 하셔서 학점을 좋게 받으셔야 합니다.,31년차 / 08학번 - 학사 학위는 교육부 인정학위 입니다 사회적 인식은 낮지만 스스로의 실력을 쌓는일이라 자부심을 가지면 됩니다 학교의 명성이 아니라 스스로의 실력이 중요하지요,"7년차 / 15학번 - 저는개인적으로 처음부터 사이버대학을 다녔으면 하는 후회가듭니다 . ^^ 등록금적인면도 분명 장점이고 , 4년제 인정해주니까요 !! 자부심을가지고 학업에 몰두 하시면 될 듯 합니다.!!","10년차 / 15학번 - 식품회사에 경력으로 입사했고, 입사 당시 전문대졸로 세종사이버대학교 4학년 재학중이였습니다. 해당 내용은 이력서에도 명시되어있었습니다. 그리고 졸업예정일이 지나고 인사팀으로부터 학위취득 여부 확인 전화받았습니다(연봉조정을 위한 학위취득여부 확인전화). 제 생각에는 별도의 사규로 정의하지 않는 이상 사이버대학교라고 학위 인정이 안되는 경우는 없을 듯 합니다. 자부심을 가지고 열심히 학업 마치시는 것이 좋을 듯 싶습니다. 힘 내세요^^",5년차 / 16학번 - 당연히 인정되지요~ 요즘 사이버대학 많이들 다니고 계시더라구요. 일반 4년제와 동일하게 인정받고 있습니다. 포기하지 마시고 끝까지 학업 마치시면 좋을 것 같네요^^
2020-08-25 작성,"조회수 60,679",잡코리아-취업톡톡,재무담당자,기업 재무팀/회계팀 업무차이가 무엇인가요?,기업에 재무팀 회계팀 따로 분리해서 업무하는거 같던데 업무성격이 어떻게 다른가요? 세무법인만 다녀봐서 기업에서는 어떻게 업무처리하는지 궁금합니다,"재무담당자 / 26년차 - 경영지원본부장으로 근무한 경험에 비추어 답변드리면, 경영지원본부 조직구성은 재무팀, 회계팀, 인사총무팀을 주축으로 회사 상황에 맞게 한두개 팀이 더 추가되기도 합니다. 재무팀은 ""자금팀""이라고도 합니다. 업무는 자금일보 작성, 자금 입출금 집행, 월간 및 연간 자금계획 수립 및 보고, 금융기관 업무(회사자금 운용, 차입진행) 등 입니다. 회사의 상황에 따라 좀더 복잡한 금융업무를 하기도 합니다. 예를 들면 벤처캐피탈로부터 투자유치 등, 물론 이런 경우는 경영지원본부장이 직접 선두에 서서 진행하는게 일반적입니다. 회계팀은 월결산후 익월 15일 내 관리손익 작성 보고, 익월 20일 경 재무자료(재무제표 및 계정별 잔액명세서)작성 보고, 연결산후 법인세 세무조정(외부 회계법인 작성후 검토), 회계감사(재고자산 실사등 포함)등 업무를 수행합니다. 회사 규모가 작으면 경영지원팀 내에 재무,회계파트 또는 담당자를 선정해 운영하기도 합니다. 위와 같이 답변드리며 더 궁금하신 사항 있으시면 제 네이버 블로그 kyimento 참조하세요","재무담당자 / 31년차 - 중소기업은 원가효익만 원하는 근시안적 정책에 몰입하며 당위성을 자체 부여합니다 따라서 수 많은 부조리가 만얀합니다, 전문성을 가지려면 중견기업이상으로써 기업가치와 경영의 균형을 중시하며 보다 미래지향적인 마인드의 경영자에게 적시 적기에 종확한 정보 전달할 수 있는 능력을 배양하시고 나아가 그런조직을 구성할 수 있는 능력을 갖추시기를 기원합니다"," 재무팀은 자금관점 , 회계팀은 회계결산관점으로 접근하면 되겠네요.","인사담당자 / 10년차 - 재무는 회사의 실적을 경영자의 관점에서 정리하는 일종의 관리 회계 역할을 주요 업무로 하고, 회계는 프로세스 관점에서 법적으로 / 회사의 룰로 정해진 절차를 수행하는 관점으로 일하는 경향이 있습니다. 세무 법인 경험자 시라면 일반적으로 후자의 경험이 많을 것으로 보이며, 사기업에서는 전자를 좀 더 높이 평가한다고 생각하시면 되겠습니다.","재무담당자 / 22년차 - 회사의 규모에 따라서 재무팀(자금) 회계팀(세무,원가 포함) 이 구분됩니다. 재무팀은 자금의 계획,조달, 운용, 자금관리등을 하며 기타의 회계 전체는 회계팀에서 운영합니다. 부장 또는 임원이 총괄 관리 합니다. 질문하신분의 구분으로는 재무제표상 자금에 관련된(예,적금,차입금,기타 자금과 관련된것) 나머지 계정과목은 일반 회계쪽 관리로 보면 될겁니다. 요즘은 기업회계와 세무회계의 개념차가 거의 없는 관계로 복잡하고 두렵게 생각하지 마시고 쉽게 접근하시면 될겁니다.","재무담당자 / 17년차 - 일반적으로 큰기업의 경우 재무팀/회계팀을 나누는 경우가 많습니다. 회계팀 업무에 대해서는 아실테니 넘어가구요. 재무팀의 경우 회사마다 자금팀으로 부르는 경우도 많습니다. 업무에 대해 설명드리면 회사의 월, 분기, 반기, 연단위의 현금흐름을 추정해서 회사의 자금 부족시 은행으로부터 차입을 하는 간접조달과 시장으로부터 회사채나 CP발행을 통한 직접시장 조달등을 총괄합니다. 회사가 자금이 풍부한 경우 자금운영을 하는것도 재무팀의 역할입니다. 도움이 되셨으면 하네요~","사무담당자 / 4년차 - 사실 명확하게 재무팀/회계팀의 업무로 구분해서 하는 회사는 규모가 큰 회사들 밖에 없는 것 같습니다. 보통 중소기업의 경우, 편한 명칭으로 부르는 경우가 많습니다. 다만, 업무를 구분해본다면, 회계팀의 경우, 세무법인에서 진행했던 업무처럼, 월결산, 정산, 부가세신고, 법인세 신고 등 실제 이루어진 행위들을 정확하게 기입하고, 이를 바탕으로 회계 자료를 기입하는 업무를 중점적으로 수행합니다. 세무법인에서의 업무와 좀 차이나는 점은 관리회계 부분이 좀 들어가는 점이 차이가 있을 것 같습니다. 관리회계는 특별한 틀이 없어서 각 회사마다 엑셀시트 등을 활용해서 제조원가를 분석하거나 필요한 자료를 정리하는 경우가 있습니다. 재무팀의 경우, 회계팀의 업무를 넘어서 규모가 있는 기업의 경우, 새로운 사업을 투자하는 경우 해당 사업이 수익성을 가지고 있는지에 대한 여부까지 분석하는 업무를 수행합니다. 기획력을 갖춘 회계팀이라고 보셔도 괜찮을 것 같습니다.",,,
2021-11-26 작성,"조회수 60,264",잡코리아-취업톡톡,경영·비즈니스기획,서류 합격하면 연락 언제오나요,중견기업 이상은 일괄로 합격 불합격 여부를 통지하는데 중소기업인 경우 이력서 열람후 얼마나 있다가 통지가 오나요?,"품질관리자 / 5년차 - 중소기업 : 열람후 1~2일내 혹은 당일 / 면접보고 당일 또는 1~2일후 결과통지 //열람or 면접 했는 데 연락이 안온다 불합격 중견~대기업 : 긴급채용 아닐 경우 대부분 공고 일정올린대로 함 심하면 서류지원후 통보 1달 소요, 면접후 결과통지 7일~30일 내에 옴 대충 이렇습니다 기다리지 마시고 새로운 곳을 찾으세요",비서 / 20년차 - 회사마다 다 다릅니다. 급한 경우는 바로 연락이 오기도 하고 공고마감 이후에 오기도 합니다. 그런데 지원하고 바로 연락이 오는 경우는 회사 입장에서 정말 급한 경우에는 바로 연락이 오기도 합니다. 하지만 정해진 것이 없기 때문에 언제 온다라고 정하기는 어려울 것 같네요,설계엔지니어 / 17년차 - 대부분 2일 이상 안넘어갑니다. 대부분 중소기업은 퇴사자가 생겨 바로대체할사람뽑는거라 어느정도 실력과 스팩과 면접에서 좋은인상 주면합격이고 빠른실내에 연락옵니다.,가사도우미 / 18년차 - 안오네요,네트워크엔지니어 / 12년차 - 2~5 일 걸려요,생산직종사자 / 19년차 - 맘에 들면 바로 이것저것 재보면 일주일 정도,- 일주일 안에 오는거 같습니다. 빠르면 3일 늦으면 5일 정도 걸리더라구요.,시설관리자 / 20년차 - 보통 3일 이내에 오는데 어떤 회사는 공고 종료일까지 쭈욱 가서 연락하는 것도 있어요,11년차 - 기업마다차이는있는데 대게가담당자가시간을결정해서구직자에게연락합니다,"품질관리자 / 24년차 - 열람후 바로 올때도있고, 원하는 인재를 찾을때까지 기다렸다가 채용중에 연락오거나 마감일 다되서 연락 올때도있습니다.,"
2021-02-18 작성,"조회수 59,962",잡코리아-취업톡톡,시스템엔지니어,"2주 전 퇴사통보 후 퇴사를 하려고 하는데, 불이익을 받을 수 있을까요?","회사를 다니던 중 다른 기업에 합격통보를 받았고 2월 16일에 퇴직서를 제출했습니다. 그러나 입사 2주 전 합격통보를 받은 관계로, 퇴사까지 유예기간이 2주밖에 남지 않은 것이 되었습니다. (입사예정일: 2021.3.2) 근로법에는 고용주의 한달 전 통보 의무만 있을 뿐, 근로자가 한달보다 짧은 기간 안에 통보한다고 해서 법적 책임은 없는 것으로 알고 있습니다. 그러나 현재 회사 사내 규정에는 퇴사 30일 전 부서장에게 제출하여 승인받아야 한다는 규정이 있습니다. 해당 규정을 토대로 부서장님께서는 인력이 파견되어 올 시간과 인수인계를 고려하여 `불가능하다`라고 답변하셨으나 저 역시 신입으로 입사하게 되었기에 입사를 미루는 것은 불가능한 상황입니다. 이 상황에서 합격한 회사에 입사 의지가 확고하기에, 부서장님께서 `불가능하다`라고 답변하셨음에도 3월 2일자 이후에는 합격한 회사에 갈 예정입니다. 이에 대해 1. 3월 2일부터 3월 16일까지 연차휴가를 쭉 사용한다(3월이 되면 1년치 연차가 들어옵니다.) 2. 3월 2일부터 무단결근으로 처리되고, 퇴직금을 일부 포기한다 1번 혹은 2번의 방법을 사용하였을 경우, 법적으로 혹 어떤 불이익을 받을 수 있을까요? (1번 방법을 사용할 경우 제 연차휴가에 대해 승인을 거부하는 경우도 어쩌면 예상하고 있습니다.) 혹은 현재 있는 회사에서 새로 갈 회사의 인사팀에 전화하여 훼방을 놓을 경우 최악의 경우 새 회사에서 합격이 취소되거나 할 수도 있을까요? 새 회사에 훼방을 놓을 경우 대처방법 또한 알고 싶습니다.",생산직종사자 / 9년차 - 30일이라는건 근로자가 분명히 사측에 구두나 서면상으로 퇴사의사를 밝혔을 경우 회사가 이를 수리하지 않더라도 30일 경과 혹은 그 다다음 급여지급일이 경과하는 시점 이후로는 자동적으로 퇴사처리 되도록 한 민법 제660조에 근거를 두고 있습니다. 회사측과 서로 협의만 된다면 당일 퇴사도 이론상 도덕적으로나 법적으로 아무런 문제가 없습니다. 다만 연락도 없이 잠수타는건 법적으로는 몰라도 도덕적으론 문제의 소지가 크니 꼭 원만한 합의가 있으셨길 바랍니다.,"네트워크엔지니어 / 18년차 - 자신있게 이직하세요 !!! 보통 말하는 30일은 회사를 위한 것이 아니라 근로자를 위한 30일입니다. 4대보험은 새로운 회사에서 등록하게 되면 행정처리상 새로운 회사의 것으로만 인정됩니다. 기존회사는 빠빠이입니다. 기존회사에서 새로운 회사의 정보를 어떻게 알까요??? 본인이 떠들지 않은 이상 방법이 없습니다. 인수인계로 인해 발생한 손해 ??? 인수인계 안 하면 회사가 망합니까 ??? 회사는 근로자의 퇴사로 인해 ""회사가 망할 것 같다"" 수준의 증명을해야 합니다. 기존회사에 재입사할것이 아니라면 폭행, 상해, 배임, 횡령등을 안 하고 그냥 가면 됩니다. 출/퇴근시간, 업무보고등 근로를 제공하는 자는 근로기준법의 보호를 받습니다. 프리랜서, 계약직등이라고 해도 지정된곳으로 출/퇴근(시간), 업무보고등을 한다면 근로자에 해당합니다. 회사의 사규, 근로계약서등이 나라에서 정한 근로기준법을 이길 수 없습니다. 근로기준법 제7조(강제 근로의 금지) 사용자는 폭행, 협박, 감금, 그 밖에 정신상 또는 신체상의 자유를 부당하게 구속하는 수단으로써 근로자의 자유의사에 어긋나는 근로를 강요하지 못한다.","전기·전자엔지니어 / 15년차 - 현실적으로 회사를 안나가면 되죠. 회사에서 잡으로 오겠읍니까 그런데, 퇴사를 하더라도, 좋게 나오는게 좋겠죠 그리고, 사정이 그러하다면, 회사측에 부득이 한 사정이 있으니 빠르게 퇴사 절차를 진행 해 달라고 말하시는게 좋을 것으로 보입니다. 퇴직전에 연차를 사용하는 것은 질문자 선택입니다. 만약, 연차를 돈으로 정산해 주는 회사라면, 선택이 다를 수 있습니다. 그런데, 질문하신 분 사정을 보면, 연차를 사용해서 퇴직의사를 명확히 전달 하는 것도 필요 할 수 있다고 생각 되네요 퇴직금 일부 포기라는 말 없읍니다. 질문하신 분이 회사에 나오지 않으면 그날 부터 월급이 지급되지 않고, 퇴직처리한 날(회사를 나가지 않은 날이 아닙니다. 퇴직했다고 노동부에 신고한 날(공식 토직일자)) 까지의 퇴직금 지급절차에 따라 지급 합니다. 다만, 전회사에서 퇴직처리를 해주지 않는 경우가 생길 수 있습니다. 이러면 조금 복잡해집니다. 그리고, 새로운 회사에서 채용의 의사가 확실하면, 아무리 전회사에서 전화한다고 해도 별 필요 없는 일 이구요. 만약 그런 일이 있다면, 법적인 조치도 가능 할 것입니다(정확히 어떤 죄목이 되는지는 모르겠습니다) 대체로, 새로운 회사로 전화 하지 않습니다. 그리고, 새로 취직할 회사를 전회사가 어떻게 알 수 있을 까요. 요즘은 개인정보보호법이 잘 지켜지고 있읍니다. 그러면, 새로운 회사에서도 고용신고를 못하게 되고, 따라서, 전회사에서 퇴직처리를 한 다음 날 부터 새로운 회사에 입사한 것으로 기록이 남겠죠",31년차 - 퇴직일과 입사일이 겹칠 수 있어서 이중취업에 대한 부담이 있을 수 있습니다. 부서장과 협의를 해서 원만하게 해결하는 방법이 가장 좋을 것 같습니다. 아니면 새로 입사할 회사에 개인적인 사정으로 인해 입사일에 대한 양해를 구하는 방법도 추천드립니다.,구매관리자 / 12년차 - 일단. 싸인 하셨던 거죠? 퇴사 30일전 부서장~~~ 계약 진행이 그렇게 됐다면 순리가 그게 맞아요. 그리구 싸인을 하셨으면 빼박입니다. 난 못 들었습니다. 라고 해도 님이 싸인 하셨으면 회사가 정답입니다.,"제품디자이너 / 4년차 - `회사 사내 규정에는 퇴사 30일 전 부서장에게 제출하여 승인 받아야 한다는 규정` 이 부분에 대해서 입사하실때 들으신 내용이신가요? 근로자가 한달보다 짧은 기간에 통보한다고 해서 법적 책임은 없습니다. 회사 입장에서 인수인계 등의 이유때문에 불가능 하다고 한것 같습니다. 제 생각에는 이러한 부분은 노동청에 문의해보시고 답변을 듣고 그대로 현 직장에 말씀을 드리는 것이 좋다 생각합니다. (노동청에 문의를 한다고 해서 현, 새직장에 불이익은 가지 않습니다.)","QA / 14년차 - 인수인계 말씀을 보니, 프로젝트 진행 중으로 보이는데요. 1. 인수인계 통상 규정 - 공공기관 사업 관리도 통상 2주가 규정입니다. 내규 한 달, 승인은 회사가 원하는 기간일 뿐입니다. - 사직서 제출(통보)를 한 달 전에 해주면 된다고 보면 됩니다. - 승인은 의미가 없습니다. 자유로운 이직을 막을 수 있는 나라가 아니니까요. - 다만, 보안규정(예)반도체 제어 기술)이 혹 있으면, 일정기간 경쟁업체 이직을 막을 순 있는데, 경쟁업체에 기술울 판다는 증거를 확보하기 어렵기 때문에 이직을 막기가 거의 불가능합니다. - 그래서 이직 업체 등의 정보를 현 회사에 알려줘서는 안됩니다. 이 부분이 걱정이 되는군요. 퇴직 사유를 개인적인 사유를 들어 말씀할 필요가 없습니다. 2. 퇴직방법 - 당연 연차휴가가 우선입니다. 총무팀과 휴가 전 서류를 마무리하고 퇴직금 정산 처리를 끝내면 좋겠죠. - 다만, 현제 팀장 등의 미승인으로 절차가 진행되지 않을 것으로 보입니다만, 2번은 좋은 선택이 아닙니다. - 부탁하고 설득해서 충돌(무단결근) 없이 끝내기를 바랍니다. - 인수인계가 필요하든지 하면 연락주시면 오겠다. 저녁에라도 오겠다. 등으로 약속하고 틀림없이 약속을 지켜야 합니다. - 그러고도 안된다고 하면, 그때는 팀장하고 말씀하지 마시고, 총무팀이나 팀장 위로 가서 너무 한다고 하시면 됩니다. - 팀장이나 그 사람도 힘이 드는 거고 상대방 입장을 이해하는 것으로 싸움은 발생하지 않게 됩니다. - 그렇게 도리를 지키고 명분을 얻으면 싸움은 해도 됩니다. - 어차피 갈 사람이면 잡지 않을 건데, 상대가 기분이 상하면 피해를 입게 됩니다. 좋은 결과 있을 겁니다. 웃으세요. 별일 아닙니다.",회계담당자 / 9년차 - 질문자님의 퇴사로 인해 생기는 손해를 금액적으로 정확하게 환산할 수 있을 정도라면 불이익은 당연히 있을 수 있습니다. 그정도가 아니라면 아마 1번으로 갈 확률이 높습니다. 2번으로 기업에서 진행할 경우 고용노동부의 진정청구로 못 받은 연차수당에 대해 구제는 받을 수 있을 겁니다. 살짝 암시하셔서 1번으로 유도하는 방법도 괜찮습니다. 이럴 경우 출석등으로 피곤하기 때문에... 그냥 인수인계까지 잘 해주고 나오는 게 서로 좋지요. 세상이 생각보다 좁아서 생각지도 못한 인연으로 다시 만나더라고요. 일단 새로 취업한 회사에 훼방을 놓는다는 건 상식에서 벗어난 상황이기 때문에 두 회사에 서로 연관된 인물이 있지 않는이상 생각하기 힘드네요. 간혹 전 회사에 평판을 알아보는 경우가 있어 그에 대한 답변이 채용에 적절하지 않다고 판단되면 제외하는 경우는 본적이 있습니다. 하지만 이미 채용을 확정했는데 T/O 자체가 없어지면 몰라도 그럴 가능성은 희박하지 않을까요? 적절한 때에 인력을 확보하지 못하면 곤란한 건 어느 회사나 마찬가지니까요. 상황에 따라 대응방법도 달라질 수 있으므로 혹여 문제가 생기면 노무사와 상담하셔서 적극적으로 대처하시길 추천드려요.,요리사 / 4년차 - 이렇게 고민하기 보다 노동청에 찾아가거나 문의하시면 상담할수 있습니다 정확히 알고 행동하는게 좋을겁니다 여기에서는 정확한 답이 없어요 정확한건 노동청에 문의하는겁니다,
2020-07-04 작성,"조회수 59,789",잡코리아-취업톡톡,시설관리·보안·경비,전기기사 자격증 소지 중인데 막막합니다.,나이 29에 신입입니다. 시설관리쪽으로 생각했는데 평가가 안좋더라구요... 선배님들께 전기 직무 전망에 대해 여쭙고 싶습니다.,시설관리자 / 3년차 - 제 생각은 시설 쪽 보다는 공사쪽으로 생각을 해보시는게 더 현명 하실꺼 같아요.저도 시설쪽으로 20 년 정도 됐는데 월급이 너무 낮아요. 기술적인 문제도 한계가 있구요. 나이도 어리고 해서 공사쪽으로 눈을 돌려보시거나 정 아니다. 싶으면 터널 관리 쪽도 괜찮아 보입니다. 터널은 특수성이 있기 때문에 경력이 쌓이게 되면 인정도 받고 좋습니다. 항상 좋은 생각만 하시고 좋은 결과가 있기를 기대 할께요.,"11년차 - 전기분야는 유망 합니다만 1) 전자기 업체 : 대,중 ,소기업 분야가 제일넓고 대우도 천차 만별입니다만 대학에서 전공한자를 채용하는것이 대부분 이며 취업문 역시 너무 좁습니다 중소기업쪽에 간혹 비전공자나 지방등에서 간혹 뽑으나 이역시 별따기 입니다 2) 시공/감리등 엔지니어링 업체 : 비전공자는 취업이 매우 어렵습니다 3) 시설분야의 경우 : 그나마 자격증이 가지고 취업이 가능한 분야 입니다 처음 경력이 없으면 기전실 ,전기실,시설분야에 들어가 경력을 쌓으면 좋습니다 주간근무도 있으나 대부분 교대 근무가 많습니다 힘들지만 처음에는 그렇게 출발 하여야 합니다 다만 주택관리사( 보) 혹은 경비지도삭 있는 경우 취업은 조금 쉬어 지고 교대 근무 없이 관리자급이나 중간 관리자도 가능 합니다 참고로 전기분야는 나이 먹어도 현재로 공부 하는 유일한 좋은 자격 입니다","사무담당자 / 26년차 - 전기관련 별도의 자격증을 소유하고 계시다면, 취업은 기술직쪽으로 괞찮습니다. 저는 부동산(건물 등 총괄)분야에서 20년이상 업무수행한 경력자로서, 귀하같이 별도 자격증은 없이 부동산관리사(FM,PM,AM사 등)본사 총괄업무 경력자입니다. 제가 경험한 바, 전기,기계,소방,방재 등 별도의 자격증을 구비하면 60이상도 많은 연봉은 아니지만, 관련분야로 계속 근무는 가능합니다. 관련 부동산분야(기술직)분야는 자격증만 보유하고 경력을 쌓는다면 큰 억대비용은 아니지만, 지속적 근무는 가능한 분야입니다. 참고하시기 바랍니다.","설치·수리기사 / 30년차 - 잘 하셨네요.전기 기사 자격증 취득하기가 쉽지 않은데 하여튼 축하드립니다, 문제는 실력 입니다,처음 자격증을 취득했지만 현장에서 입증하기엔 조금은 부족할겁니다.급여가 조금은 부족 하더라도 현장의 실무를 익히길 추천합니다,약 2~3년의 실무경력을 익히고 이론과 실무의 조화를 이룰수 있다면 그후 부터는 삼백이상의 좋은 소식이 있을겁니다, 실망말고 화이팅 하셍?",전기기사 / 30년차 - 아직은 젊은나이니까 일반 제조회사에 입사하는게 좋을듯 합니다,시설관리자 / 10년차 - 건물 빌딩쪽으로 알아보시면 정말 잘될것 같습니다.,시설관리자 / 33년차 - 아파트나 빌딩 전기담당자. 지원하세요, 전기기사자격증취업에좋은자격증취득하 셨네요 남들의평가에귀기울이지마시고 소신것본인의길을가는것이좋을듯합니다,시설관리자 / 15년차 - 전기쪽은 건물관리에 꼭필요한 직원입니다. 다른직무가 더 월급이 많고 좋아도 자신과 맞아야해요,"인사담당자 / 39년차 - 어려운 전기기사자격증을 갖고 계시네요. 전기기사는 취업분야가 상당히 넓다고 생각하는데 시설관리쪽을 생각하고 계신가 보네요. 밑에서도 언급을 하셨지만 시설관리를 한다면 전기뿐만 아니라 여러 일을 함께 다루게 되지요. 그렇다면 환경분야는 어떻게 생각하시는지요? 환경중에도 지자체에서 민간에 위탁을 해서 시설관리 및 운영을 하는 공공하수처리시설은 어떨런지요. 민간위탁시 기준이 전기, 기계, 환경(수질)분야에 고급기술자 이상의 책임 기술자를 각 1명씩 필히 선임하도록 규정하고 있어서 위탁운영을 하는 업체에서는 인력난(?)을 겪고 있습니다. 입사초기엔 다소 어려움이 있겠지만 경력이 쌓이면 어느정도 대우를 받으며, 위탁시설의 총괄책임기술자로 선임(운영소장)될 수 도 있습니다. 이때는 본인이 각 분야의 책임기술자들을 지휘감독하며 양질의 수질관리를 위해 역량을 발휘해야 되지요. 민간신분 이지만 공적인 업무를 하게 되다보니 보람도 있습니다."
2020-05-25 작성,"조회수 59,652",잡코리아-취업톡톡,자재관리자,물류쪽업계 일은 어떤일하는지 비전이어떤지 좀알고싶습니다.,취업준비중인데 어떤일을해야할지고민이라서 물류쪽에 관해궁금해서 알고싶어서 여쭤봅니다 . 일은 보통 어떤일을하는지 연봉이나 비전같으면에서 어떤지 자세히좀알려주시면 감사하겠습니다.,"생산직종사자 / 23년차 - 저는 내년이면, 오십이 되는 사람 입니다. 그리고, 열아홉 취업시즌 부터, 지금껏 물류쪽 일을 하고 있는 사람 입니다. 결론적으로 말하자면, 물류쪽 일이란, 정신적, 육체적 스트레스가 동반된 일입니다. 또한, 그렇게 사회적으로 인정받지 못 하는 일이가도 합니다. 그러니, 물류쪽 직군에는 항상 사람이 부족한 거구요. 게다가 페이도 생각보다 크지 않습니다. 이런 이유로, 제가 감히 조언을 드리자면, 알바를 하며 공부를 해서 자격증 많이 취득 하거나, 기술을 배워서 기술직을 선택하는게 나중 제 나이쯤 되었을때 훨씬 좋을꺼라 생각 합니다. 8391676님의 나이가 어떻게 될지는 모르지만, 확실한거, 물류쪽 일이 생각처럼 쉽게 선택할 일은 아닙니다. 어떤 일이든 오래 하려면 물류쪽 일은 아닙니다","자재관리자 / 16년차 - 질문이 매우 막연한 느낌인데요. 취준생이신 만큼, 연봉/비젼이 당연히 궁금하시겠죠. 하지만 환경보다 자신을 돌아보시기를 권해드리고 싶네요. 내가 좋아할 수 있는 분야는 무엇인지, 내가 잘 할 수 있는 분야는 무엇인지, 겪어보니, 환경을 보고 많은 스펙을 준비한 사람이 입사 초기에는 대접을 받지만, 결국, 실적은 일을 좋아하는 사람에게만 집중되더군요. 장기간 좋아하실 수 있는 분야와 품목을 고려하시길 권해드려요.","자재관리자 / 4년차 - 유통업 물류담당하고 있는 현직자입니다. 우선 하는 업무는 어떤 물류(수출입물류, 유통물류, 생산물류 등)에 따라 매우 다양합니다. 유통업 기준으로 물류센터에서 근무한다하면 일반적으로 상품입고, 상품관리(재고수량, 유통기한 등), 상품출고 크게 3가지 영역에 업무를 한다고 보시면 됩니다. 회사규모,물류조직규모에 따라 배치인원은 상이합니다. 간단하게 업무 설명 상품입고 - 향후 영업활동에 있어 판매될 완제품,반제품 등 센터입고 상품관리 - 고객판매이전까지 재고수량~유통기한 등 판매가능한 상태 유지 상품출고 - 판매되어 고객(사)에게 출고 ( 개인고객, 대리점 등 ) 연봉) 역시 급여 또한 중요하죠, 속한 회사마다 매우 상이합니다. 전문물류회사 - 상위 3위이내가 아닐경우 대기업군에 속하였더라도 차이가 큼 3PL 업체 - 고객사가 어디냐에 따라 다르지만 급여처우는 대부분 낮음 기타 - 일반 제조,유통업체의 물류조직으로 들어갈 경우 제조,유통업체의 급여체계를 따름(물류조직이라고 급여차별X) (대기업이다하면 급여가 높고, 중소기업이다하면 급여가 낮음) 비젼 : 4차 산업기술에 대한 이해도와 그에 따른 교육을 병행하여 준비한다면 괜찮다고 봅니다. ( 사례 : 아마존닷컴의 최대 강점 중 하나는 물류서비스에서 비롯되어 현재에 이름 ) 즉 고급물류인력으로 준비하시는게 베스트입니다 ( 단순 쿠팡 알바수준이면 거기서 끝입니다 ) 어디까지나 개인적인 경험과 의견이니 참고하세요~",자재관리자 / 11년차 - 정말 힘든곳 성과를 내면 그맛에 도취되어 하루 행복 그다음날 또 욕하면서 일 비젼은 좋습니다. 라스트마일 시대를 맞아서 물류쪽이 점점 자동화되어가고 온라인 쇼핑이 커질수록 물류산업도 엄청나게 더 발전 합니다. 물류를 오게 된다면 커리어가 큰 회사에서 시작하시는게 좋아요. 다만 물류쟁이들은 모두 처음으로 돌아간다면 탈물류라는 꿈을 가지고있습니다. 열심히 해서 더 좋은 업계로 가세요.,구매관리자 / 36년차 - 딱히 어떻게 써야될지 무슨말을 써야될지 괜한걱정이 앞서네요 제일 좋은것은 경험이 아니겠어요 해보면 알게되는 일입니다 특별한 기술이 필요없습니다 단순하고 반복의연속입니다 누구나 가르쳐주면 다할수 있습니다 비전은 없습니다 특출한상품 독보적인 상품이 아닌 이상 동종업계 끼리 나누어먹습니다 지금은 좋은상품 꾸준히 판매가 되는상품은 대기업이 돈으로 매입하여 판매의망을 어지럽힙니다 그래서 영세하거나 작게 시작하는곳은 꾸준한 아이템이 아니면 힘듭니다 그래봐야 6개월 정도 버티면 잘하는겁니다 꾸준한 아이템이 있어야 진짜 부자가 될수있죠 누구도 넘보지 못할 아이템 그게 무엇일까요?,- 꾸준히 하기가 힘들어요 알바로 1년은 괞찬은데,"영업지원 / 16년차 - 물류 연봉은 높은편이 아닙니다.연봉이 높은편이 아니니 비전이 좋다고 할수는 없으나 안정적으로 길게 가는것은 가능하다고 생각됩니다.연봉이 높은곳을 원하면 영업직이나 기획 마케팅 기술직으로 진로를 택하는것이 좋고,사람과의 대면으로 성과를 내는것에 스트레스를 받고 그런것을 좋아하지 않고 정리하는것 움직이는것을 좋아하며 기본적인 전산능력이 있다면 적합한 직업입니다","자재관리자 / 12년차 - 비전이 오래할수 있는 것이라면 물류는 최고라 생각합니다. 물류는 크게 현장과 사무로 나뉘어 있으며 대게는 주5일 보다는 주6일이나 격주휴무가 많습니다. 연봉은 일반 회사와 비슷하나 연차에 따른 인상율은 타 업종대비 낮은 편입니다. 물류는 말 그대로 물건 물 흐를 류 입니다. 물건이 흐르게 하는 업무 전체를 하는 일이며 회사가 어떤 과정을 수행하느냐에 따라 천차 만별이나 물류의 기본은 배차 와 업무 그리고 영업 입니다. 이 세가지를 한가지라도 뺀다면 물류가 아닙니다. 물류기업은 소위 말하는 한진 대한통운 등의 대기업 외에도 숨은 대형 회사가 많이 있습니다. 예를들어 현대상선 같은 해운회사, 익스피다이터스 같은 포워딩 회사, 고려택배 같은 특정화물 전문운송회사, 천일 같은 철강 등 중량운송 전문회사, 경동택배 같은 정기화물 회사, 글로비스 범한판토스 삼성전자로지텍 하나로티엔에스 천안물류 삼영물류 태진 진보 전국 등 일일히 나열하기 어려울 만큼 대형 회사들이 많습니다. 좋은곳 취직하기 바랍니다.",경영·비즈니스기획 / 18년차 - 제경험으로 빗대어 말씀드리자면 물류쪽은 자신의 일을 창업하기위해 일을 배우는 하나의 과정이라고 생각해요. 일이 힘든 대신에 목표는 창업이라는 거죠. 단순히 직장인으로서의 삶을 생각하신다면 좀더 심사숙고하심이 . . 무술을 연마하기 위해 사부님 밑에 들어가 밥짓는거 부터 시작한다 생각하시면 맞을듯.,"- 다들 물류가 3D업종이다, 고생에 비해 급여가 적다라고 얘기하고 계시지만 물류현장직과 관리직은 다르다고 생각합니다. 저는 SCM쪽에서 일을 하고 있습니다. 초봉은 세전 3400정도이구요. 현장직은 제가 잘 모르지만 관리직을 생각하신다면 물류관리사, 유통관리사를 취득 후 여유가 된다면 CPIM까지 취득하시면 좋으실 것 같습니다. 컴퓨터 관련 자격증은 거의 필수구요. 중견, 대기업을 원하신다면 토익보다는 오픽,토스를 준비하시구요. 비전은 요즘 물류부서를 직접 운영하기보다는 외부업체 즉, 전문 3자물류 업체에 물류전반업무를 맡기고 있습니다. 단순 목적이 취업이라면 일자리가 부족하여 입사를 못하는 경우는 없습니다."
2019-01-04 작성,"조회수 59,197",잡코리아-취업톡톡,백석대학교,이력서에 수상기록에 수여 내용을 적는 칸에 어떤 내용을 담아야 하나요?,수여한 내용을 적어야하는데 어떤 내용들을 적어야하나요? 수상한 그 프로젝트에 대한 내용을 적나요?,"1년차 / 09학번 - 수상한 상 이름 , 날짜면 되지",12학번 - 기관명/상이름쓰세요 그냥ㅎ 면접때 물어보면 이야기하면 되죠~,4년차 / 11학번 - 수상한 상에 대해서 적고 내가 수상을 하기위해 무슨일을 했는가 그것을 바탕으로 무엇을 배우고 느꼈는지 적으면 될 것 같습니다 지원하는 회사에서는 수상내역을 통해 무엇을 할줄알고 회사내에서 무슨 역할을 해낼수 있는지 묻는것 이므로 그부분을 풀어서 설명하시면 될것 같습니다,11학번 - 나의 전공에 맞는 수상내역 혹은 마음에 두고 있는 직업에 관련 된 수상 내역 등을 적으면 되지 않을까 생각해봅니다 저도 수상내역이 없어서 정확하게 답변드리기 어려우나 주변 사람들 이야기로는 수상한 프로젝트나 졸업과제 혹은 포트폴리오 등 이라고 합니다,12학번 - 개최한곳과 수상내용등을 간략히 적어주시면 됩니다.,"12학번 - 제목은 수상한 날짜와 개최한곳을 적고, 수상내용은 상장에 적힌 내용을 그대로 적습니다.","2년차 / 12학번 - 수상한 내용, 그 과정에서 본인의 역할","5년차 / 08학번 - 주관부서, 어느부분 수상 수상일자 단독 & 협력",12학번 - 교내외 수상 경력이요 입사지원할 회사랑 관련있는 수상이력이면 더 좋아요,13학번 - 장려상 또는 우수상 등으로 기재하시고 포폴에 작품을 자세하게 보여주심 될듯! 화이팅!
2021-03-27 작성,"조회수 58,595",잡코리아-취업톡톡,반도체엔지니어,반도체 CS엔지니어로 갈 수 있는 궁극적인 커리어 패스가 궁금합니다.,"안녕하세요. 반도체 CS엔지니어로 한 외국계 장비 업체와 면접을 앞두고 있습니다. 누구나 다 아는 ASML은 아니고, 조금 덜 유명한 외국계 회사인데요. 제가 알기로 ASML은 CS엔지니어에게 기회가 굉장히 많아 FAE나 2nd Line에서 3rd Line등 조금 더 기술적인 역할을 하거나 기술 영업 등으로 갈 수 있다고 들었습니다. 하지만 다른 회사에서 근무하는 선배님들에게 LinkedIn을 통해서 여쭈어보니, CS엔지니어는 보통 그 일을 계속하게될 것이라고 하네요. CS엔지니어는 장비 개발이나 연구로 가기는 힘들고, FAE로 가는 건 석/박사가 아니면 어렵다고 많이 이야기 하십니다. CS엔지니어는 커리어를 시작하면 엄청나게 뛰어나지 않는한 라인에 계속 들어가서 근무해야 하는 것인지, 승진도 힘든 것인지 궁금합니다. 저는 사람 하기에 따라서 인생이 많이 달라질 수 있다고 믿고 살아왔습니다. 하지만, 그렇게 비관적으로 많이 말씀을 하시니 정말 이 일을 해서 비전이 있을지 확신이 서지 않습니다. 본래는 반도체 소프트웨어 개발하는 일을 하고 싶었으나, 다른 업계에서 FAE같은 기술지원이나 기술영업으로 들어와서 그런지 개발직에 지원하면 서류에서 잘 통과가 되지 않았습니다. 30대 초반에 나이도 어느 정도 있는 상태라 더 이상 지체할 수 없어 할 수 있는 일이라면 시작해서 최대한 열심히 임해보려고 합니다. 그래서, 제가 한 결정에 후회하지 않고 최선을 다할 생각입니다만, 그 전에 신중하게 결정하려고 합니다. 개발 엔지니어로 갈 수 없다면, CS엔지니어로 갈 수 있는 가장 좋은 커리어 패스는 무엇일까요? 현재 CS엔지니어로 일을 하고 계시거나, CS엔지니어에서 더 나아가신 선배님들의 답변을 기다립니다. 감사합니다.","- 안녕하세요! 아마 작성자 분께서는 좋은 쪽으로 선택하셨겠죠??ㅎㅎ 이 글은 추후에, CS엔지니어 직무에 고민을 갖고 계신 ""취준생""과 ""이직 준비생""분들에게 조그마한 도움이 되길 바라며 ""자문자답"" 형식으로 작성해보았습니다. Q) 먼저, CS엔지니어란 어떤 직무일까요? A) Line 내에서 반도체 장비의 Installation (설치)와 Maintenance(유지/보수)를 하는 직무입니다. 렌치 등 공구를 이용해 장비를 다루기 때문에 ""육체 노동""에 가깝다고 생각하시면 됩니다. +++ 문제에 대한 원인 파악을 하고, 추후 Issue 방지를 위한 업무도 하기 때문에 ""머리""를 쓰는 일도 합니다. (CS 직무가 ""최첨단 3D 직무""라고 불리는 이유이기도 하지요.) Q) CS 엔지니어의 커리어 패스는 어떻게 되나요? A) 해당 직무의 경력이 길지 않아, 회사 선배분들과 지인들의 이야기를 바탕으로 답변을 드립니다. 1. CS 직무 → 타 회사 CS 직무 - 국내 회사에서 외국계로, 외국계에서 외국계로 가는 경우가 가장 많습니다. (70~80%) 2. CS 직무 → 고객사 설비직군 - 약 4~5년 경력을 쌓고 ""삼성전자"", ""하이닉스""로 이직하는 케이스가 종종 있습니다. (단, 흔하지는 않습니다.) - 단, 신입들의 경우 ""고객사 공정기술"" 쪽으로 가능 경우도 보았습니다. 3. CS 직무 → 공정 엔지니어 or 영업엔지니어 - CS는 장비를 가장 많이 다룰 수 있는 직무입니다. 따라서 장비에 대한 이해와 경험을 바탕으로 타 직무로 넘어가는 분들도 계십니다. 4. 그 외에 ""2차, 3차 협력사""로 이직 - 나중에 직급이 있으신 설비엔지니어 분들이 ""Set up 업체나 Part 납품 회사""로 많이 가셨던 것 같습니다."," 한가지 분명한 점은 장비회사는 공정,설계,제어,CS 그냥 다 빡세고 업무마다 고충들이 다 있어요. 전 작은 영세업체에서 PLC 전장,제어 업무를 하다가 중견기업급의 장비 회사에서 CS로 일하는데요. CS 업무하면서 시간 날 때 틈틈히 PLC 프로그래밍 구성 및 배선되어 있는 것들 어떻게 되어있나 파악해가며 공부를 합니다.","IT·기술영업 / 19년차 - 반도체 관련 장비건 파트건... 노가다 입니다. CS만 14년 하고 있지만... 반도체 CS는 그냥 건설현장의 노동자와 같다고 생각하시면 됩니다. 고객사의 컨플레인으로 인한 스트레스 셋업중 문제 발생시 본사의 느린 서포트 밤낮 주말 휴일 명절 시도때도 없이 울려대는 전화와 내방요청 스트레스 작살 납니다. 외국계 AMAT, LAM, TEL 기타 수많은 장비사들의 필드 엔지니어의 고통은 말로 설명이 불가합니다. 그리고 국내 장비사는 그냥 IDM의 노예라고 생각하시면 됩니다. 직접 격어보고, 아~ 이건아닌갑다..... 느껴보시고 판단해 보시기 바랍니다.","온라인마케터 / 18년차 - 자기 하기 나름이 아닐까 생각이 드네요. CS라는게 처음은 쉬워 보이지만 공정흐름 및 검사 결과 시뮬레이션이 되어야 시간을 단축할 수 있다고 생각이 되요. CS에서 기술영업으로 왔지만, 모든 게 그렇게 뜻대로 되지는 않았어요. 4년제 맞추려고 편입하고, 나이 40대이지만 다양한 문제에 대한 답을 찾는 게 매번 쉽지 않아요. 매번 변수가 다르니까요. 다만 후회는 없습니다. 다른 영업사원들보다 현장 경험이 있기 때문에 유리한 부분도 많이 있습니다. 소프트웨어도 배워서, 업그레이드 한다면 본인이 나중에 하고 싶은 일을 할 수 있겠죠. 하지만 노력하지 않으면 다른 사람이 시키는 일을 해야합니다. 해결되지 않는 일들도 있고, 노력해서 차선의 결과를 얻더라도 본인의 실책 사유가 되는 경우도 생길겁니다. 소모품이 되지 않으려면 오늘보다 내일 발전하는 사람이 되도록 열심히 만들어가셨으면 해요.",포장·가공담당자 / 18년차 - 1년 365 일 계속 채용광고 나오는 회사는 생각해 보심이 좋을듯 합니다,"- CS엔지니어는 장비 업계에 없어서는 안될 중요한 역할을 합니다. CS엔지니어로서 장비를 배우면서 영업적으로 접근하기 위해 고객과 친밀도를 유지하거나 영업을 위한 처리 루틴등을 배울 수는 있습니다. CS엔지니어는 거의 라인에 들어간다고 보시면 됩니다. 개인차가 있겠지만 이러한 업무 확장이 맞지 않는다면 SW 개발( 장비 SW 또한 라인에서 작업해야 하는 것은 거의 동일하므로 다른 분야의 SW를 추천합니다.) 에 다시 도전하는 것이 어떨지 의견드립니다. 물론 서류 통과를 위해서는 개발자가 되기 위해 어떤 노력을 했는지 드러나야 합니다. 자격증, 토이 프로젝트 진행등 스터디를 위한 결과물 도출도 병행하면서 도전해보라고 권해드립니다. 허나 개발자이건 CS 엔지니어건 어떤 방향으로 자신의 커리어 패스를 만들겠다는 깊은 사고를 하지 않으면 정년에 다가올때는 막연하기는 마찬가지입니다. 인생의 방향부터 세워보는것을 추천드립니다. 나아가 10년후에 20년 후에 어떤 인생을 살고 싶은지 상상해보시면서 결정하는 것도 방법입니다. 오늘 잡코리아에 구직 신청하기 위해 몇년만에 로그인한 40대 후반의 장비 업계 선배입니다. 조금이나마 도움이 되었으면 좋겠습니다.","반도체엔지니어 / 24년차 - CS업무가 힘들기는 합니다만 그 때문에 회사에서도 타 부서보다 업무가치를 높게 쳐 줍니다. 길은 많습니다. 그 기회도 많고요, 다만 기회가 왔을때 기회를 잡을 준비가 되지 않은 사람이 더 많다는게 사실이죠. CS 하다가 영업으로 또는 개발부서, 공정으로 전환하는 친구를 많이 보아 왔습니다. 옆에서 볼때 충분히 준비가 되어 있던 친구들 이었고요 물론 외산 장비사 탑3 회사 또는 국내 장비사 탑3에 근무하던 친구들입니다.다들 잘 알만한 회사죠 반도체 언저리에서 밥 한번 먹어 봤던 사람이라면요. 또한 제가 영업으로 전환 시켜준 친구도 있고요. 좌고우면 하시지 마시고 좋은 기회가 온듯 하시니 꼭 잡으시고 자기 자신의 내실을 다지시기 바랍니다. 외산장비사라 하시니 언어실력 꼭 키우시기 바라고요 그렇게 열심히 하다보면 한번의 기회는 올겁니다. 그때 그 기회를 잡으시면 되요. 많은 사람들이 CS는 힘들다. 고객이나 회사가 개돼지 취급한다등등.. 불평만 하지만 정작 그런 사람중에는 내실이있는 친구는 보지 못했어요. 정말 실력있는 친구는 이미 타부서 매니저들 또는 타회사 에서 알게 모르게 소문이 나 있고 그러다 기회는 조용히 찾아 오는 법입니다. 경험상 CS로 제대로 근무 착실히 하시다 보면 기회는 한,두번 올겁니다. 조급해 하지 않으셔도 됩니다. 단, 직종을 바꾸기 위해 하향 지원을 하는 누는 범하지 마세요. 완성 장비사와 컴포넌트사는 외산 장비사라도 그 급이 한참 달라지게 됩니다.",생산직종사자 / 7년차 - CS가 진입장벽이 낮은건 아실테고.. 이장비 저장비 보다보면 자사장비가 개판이고 타회사엔지니어들 만나다보면 자회사가 쓰레기라는거 알게되고 결국 이직하게 됩니다. 그러나 이직이 잦아지게되면 나이는 드는데 경력을 살리지 못하는 경우가 허다해요. CS는 안하는게 베스트이고 옮기게 된다면 차라리 장비제조를 하시는게 낫습니다. 제어팀가서 PLC를 배우는것도 추천해요. CS는 30세 이전에 접는거 강추합니다.,반도체엔지니어 / 9년차 - 왜 반도체 cs 할려는거죠? 연봉도 적고 일은 고되고 밤에도 새벽에도 출근하는건데 개노답 직종이 반도체입니다 절대 비추천입니다 편의점보다 쓰레기이니다,"전기·전자엔지니어 / 16년차 - CS엔지니어를 원하면 해당 업무에 대한 경력으로만 인정되고, 추후 개발로는 경력이 안됩니다."
2020-06-02 작성,"조회수 58,082",잡코리아-취업톡톡,영업지원 / 메코 / 한림대학교,잡플래닛에 나온 후기처럼 믿고 거르면 되는 기업인가요?,잡플래닛에 나온 후기처럼 믿고 거르면 되는 기업인가요?,"앱개발자 / 2년차 / 16학번 - 4점 이상 리뷰는 거의 회사서 썼다 보시믄 될듯 합니다. 그리고 보통 평점을 보시고 리뷰들의 점수 텀이 넓다고 생각들면, 즉 1점 5점 평점들로 3점 이상이 된다면 낮은거 위주로 보면 될듯 하네요",제품영업 / 6년차 - 네 안산에 ㅃㄷㅁ 이 회사도 거르셈,영업지원 / 22년차 - 네 믿고 거르셔도 됩니다,영업지원 / 7년차 - 최하 2.3 ~ 2.5는 되야 그나마 다닐만 할 겁니다,"제품영업 / 19년차 - 잡플래닛에 소속된 회사에 대한 악성 글을 올린 대부분의 리뷰어 들은 해당 조직에서 제대로 인정받고 있지 못하거나 또는 이런 저런 불만으로 퇴사한 직원들이 다수 입니다. 실제로 인정 받으며, 양질의 대우를 받고 있는 직원들은 잡플래닛 같은 사이트에 굳이 리뷰를 달지 않습니다. 그럴 시간에 본인 취미 생활 또는 업무에 집중하기 때문이죠. 물론 댓글들이 일관적이고 광범위하게 분포한다면, 대다수의 직원들이 느끼는 사안들이라 생각하시면 되구요. 결론은, 회사에 대한 평판이 안좋은 곳에서도 좋은 대우와 원만한 관계로 인정 받으며 만족스런 직장 생활을 하는 직원들이 있고, 반면에 평판이 좋은 회사라도 조직원 개인에게 있어 지옥같은 회사도 있기 마련이므로, 해당 댓글들에 대한 100% 신뢰는 섣부른 판단이라 생각됩니다.",생산직종사자 / 18년차 - 네~~~~ 회사들이 올린구인 내용자체가 막상 면접보러가면 다릅니다.,영업지원 / 15년차 - 안좋은 내용은 다 맞는것 같구요 ~~몇년째 비슷한 내용이 계속 있다면 문제가 있는 회사인 것 같아요 저두 입사후 후기를 보고 오기전에 먼저 봤다면 입사하지 않았을텐데 하는 후회는 했습니다 ~근무하면서 점점 후기 내용이 일치하게 되면서 결국 퇴사하게 되었습니다,사무보조 / 1년차 - 안좋은 후기부터 보세요. 5점짜리는 거의 해당 회사 인사팀에서 썼다고 보시면 됩니다.,18년차 - 무슨 내용인지 모르겠네요.,영업지원 / 22년차 - 80%이상 동감합니다. 리얼한 내부 이야기를 라이브로 들을수 있어서 좋았습니다.
2020-10-30 작성,"조회수 56,684",잡코리아-취업톡톡,회계담당자,전산회계1급만으로는 안되겠죠...?,저는 그냥 큰 기업 바라지도 않고 그냥 적당한? 중소기업이면 만족하는 취준생입니다. 지금 전산회계1급 합격해놨고 전산세무2급 준비중인데 지금부터 이력서 조금씩 넣어보려합니다. 전산회계1급만으로는 취업 많이 힘든가요? 참고로 비전공자입니다. 세무 2급 합격해도 힘든지...알고싶습니다ㅠㅠ,약사·한약사 / 2년차 - 요새 전산세무 2급 자격증 외에 경력직을 가진 사람들이 많아서 현실적으로 나이가 어리지 않으면 힘듭니다.,회계담당자 / 4년차 - 전산회계1급따면 내부에 회계모르는 관리자들은 왠만큼 아는구나 하고 뽑습니다. 그런데 전산회계는 그냥 프로그램 배웠다하는거고 실무는 다르니까 배우면서 일하게 됩니다. 취업은 충분히 가능합니다. 급여는 낮습니다.,회계담당자 / 20년차 - 세무 2급 정도는 있어야 하지 않을까요? 대부분 기업들이 특히 중소기업은 세무에 민감합니다 세무쪽을 좀 더 신경쓰면 무난한 취업이 가능하리라 봅니다,회계담당자 / 1년차 - 중소기업은 자격증 있든 없든 가능합니다. 이력서에 성실함과 오래다닐꺼 같으면 뽑아주더라고요.,회계담당자 / 32년차 - 자격증은 지금 준비하시는걸로 하시면 될것으로 생각드내요 좋은 결실 있길바래요,"- 저는 기업회계3급 전산회계2급 같이 따고 한달 뒤에 전산회계1급이랑 전산세무2급 같이 취득했습니다! 학원 2달 다니면서 취득한건데 혼자서 하면 너무 힘든 과정일 것 같아요,,, 저는 성공취업패키지으로 학원 다녀서 금전적으로 부담은 안되더라고여! 10월에 취득해서 지금 지원해보고 있는데 4개를 땄어도 연락도 잘 안오더라고여,, 우선 전산 회계1급만 원하는 회사도 있으니까 지원해보면서 공부도 계속하는 것을 추천드려요! 면접봐서 떨어지더라도 면접 연습한거니까 정말 원하는 회사 면접 볼때 잘 볼 수 있게 많이 지원해보고 면접 연습도 하는 것을 추천드려요ㅠㅠ 요즘 힘든 시기이니까 같이 힘내봐요,,,","재무담당자 / 7년차 - 일반 기업은 경력이 없으면 전산회계1급으로는 취업이 힘들수 있습니다. 세무사사무실은 전산회계1급만 있어도 신입 채용 많이 해서(대학,자격증등 세무사사무실은 거의 안따집니다.) 세무사사무실에 취업하시고 경력 2년 정도 쌓으시면서 전산세무2급, 토익, 컴활 등 자격증 따셔서 일반회사 가는걸 추천 드려요~","재무담당자 / 26년차 - 제 의견 말씀드리겠습니다. 전산회계 1급으로 취업이 안되는 것은 아니나, 저는 좀 더 준비하셔서 지원하시라고 권해드립니다. 왜냐하면 아무리 작은 중소기업이어도 그 곳을 창업하고 현재까지 유지하고 있는 기업은 사장님 포함 직원분들도 다 그 분야에서는 최선을 다해 어느정도 경지에 있는 분들입니다. 설사 분야가 달라도 신입사원이 준비가 되어 입사했는지 아닌지는 오랜시간이 지나지 않아도 금방 알게됩니다. 회계 비전공자 재경분야 취업관련 제 네이버 블로그 ""원 경영멘토"" 참조하세요. 오랜기간 재경분야에서 근무하고 있는 선배로서 꼭 조언드리고 싶은 얘기는 회계,세무관련 개념,원리를 포함한 실전능력을 배양해 입사하시라는 겁니다. 그래야 신입사원때부터 인정받고 그러면 회사일이 재밌고 보람되고 연봉/승진하니 경력관리 되고 즉, 선순환 구조에 들어가야 합니다. 실력있는 멘토의 도움을 받든 독학으로 하든 꼭 차분히 철저히 준비하셔서 좋은 곳에서 높은 수준의 일을 하시길 진심으로 권해드립니다. 응원하고 지지합니다.",22년차 - 전산회계1급은 프로그램 사용하는 방법정도라고 생각하시면 되세요. 세무2급은 실무가가능한데.. 일단 저는 취업을 해서 실무를 하면서 공부를 겸하는 것이 좋지 않을까 말씀드립니다. 어차피 신입으로 들어가니 회계의 기본에 관련한 일을 하면서 배우시면 세무2급 공부하는데 훨씬 도움이 많이됩니다. 저는 고민하지 마시고 무조건 필드에 나가라고 말씀드리고 싶습니다. 누구나 다 떨립니다. 깨지면서 배우는 것이니 자신감 있게 지금이라도 도전해보세요 충분히 가능합니다,회계담당자 / 4년차 - 차근히 넣어보시기 바랍니다! 분명 좋은 결과 있을거에요. 나를 찾는 회사는 있어요^^ 전산세무2급 공부는 손에서 놓지말고 계속 하시구요^^
2022-05-23 작성,"조회수 56,552",잡코리아-취업톡톡,사무담당자,"컴활 1급, 2급 차이 큰가요?","저는 사기업 준비하고 있어서 컴활 2급 공부하고 있습니다. 근데 주변에서 컴활 자체가 쓸모가 없는데 2급은 더욱 그렇다는 말이 있네요. 공기업, 공공기관은 가산점 때문에 1급 준비하는게 맞지만 전 사무 관련 자격증 어필 정도로 생각했거든요. 현직자분이 봤을 때도 사기업에서 1급, 2급 대우 차이가 큰가요? 원래 계획은 2급 가볍게 따고 사무자동화, 정보처리 딸려고 했습니다.",MD / 7년차 - 차이없어요 유통이나 1급은 취업후에 다시 준비 ㄱㄱ,"사무담당자 / 13년차 - 별 차이 없습니다.. 그러한 급수가 다르다해서 업무 능력과는 아무런 상관관계가 없기에 인사담당자가 보기엔 컴활 자격증이 있나보다 하고 생각하지 급수같은건 별 생각도 없고, 그게 뭔 차이인지 모르는 인사 담당자도 태반입니다..","구매관리자 / 11년차 - 자격증도 지원하시는 직무와 연관된 자격증이어야 도움이 되지 않을까요? 자격증이 이력에서 보는 이유가 공기업이나 공공기관은 가산점이지만 사기업에선 얼마나 열심히 살아왔는지 성실함, 열정 보려고 하는거거든요. 자격증이 많은게 중요한게 아니라, 관련 직무로 1,2개정도 제대로된거 하나 따놓으시는거 추천 드려요. 제일 중요한건 사회경험 즉 경력이에요. 그리고 회사에서 개인사기업들 인사담당자들 인성 많이봅니다. 참고로 저는 중견 컴활2급 있는데 들어간 케이스라... (컴활 2급 도움은 됩니다.) 어느 기업이든 기본적으로 엑셀, 한글, ppt 기본적인건 할줄 알아야 합니다.",제품영업 / 3년차 - 30대 직장인 입니다.. 현실적이고 솔직하게 말씀드리겠습니다. 컴활2급 자격증 따지마세요. 시간 낭비입니다. 자격증 따실꺼면 무조건 그 분야의 기사 나 산입기사 이상 자격증 따셔야 취업 될까 말까 입니다.... 컴활1급 이런건 그냥 부수적인거에요.,"- 2급으로도 충분하구요 자격증이 필요 없는 것이 아니라 결국엔 그러한 사무 자격증들을 따기 위해 노력했다는 것이 중요한 포인트 아닐까요. 자소서나 면접에 그러한 노력, 관심, 준비성 등으로 어필 가능하구요","사무담당자 / 10년차 - 자격증 유무 자체가 입사때 도움이된다거나, 뭐 좋은 평가를받는다던가 의 경우는 10년동안 한번도 못봤습니다. 자격증을 가지고 있는지 궁금해한적도 없고,누가 물어본적도 없어요. 다만 본인에게 주어진 직무의 처리를위해 스킬로서 엑셀과 파포사용을 자주하게되고, 그 결과를 가지고 평가하게 되겠지요. 결론ㅡ 자격증이 있음 좋은데 크게 + 요인이 되지는 않는다. 자격증 없어도 엑셀 파포 잘하면된다. 자격증이 있는데 못하면 더 이상하다",원무행정 / 23년차 - 실제 활용능력이 더 중요하겠지요. 응용능력도 중요,호텔종사자 / 3년차 - 요즘 1급 따는 사람들이 더 많아서 2급은 그냥 ㅇㅅㅇ 넘어가고 1급 있어여 그래도 좀 했나보네 하는 거ㅛ 같아요,- 엑셀 필수인곳 많습니다. 2급만으로도 충분하네용 실무에서 엑세스는 잘 사용하지 않는다고 들었습니당,
2019-04-30 작성,"조회수 56,277",잡코리아-취업톡톡,안산대학교,대학 중퇴 최종학력을 어떻게 기입하는 것이 좋을까요?,"대학교를 졸업하지 못하고 중퇴한 경우, 이력서 기입 시에 최종 학력을 고졸로 해야 할까요? 아니면 해당 전공 수업을 몇 년이라도 받았으니 중퇴의 학력이지만 기입하는 것이 그래도 유리한 것인지 궁금합니다.",10년차 / 08학번 - 아직 까지 사회는 고졸을 채용하는 분위기가 아니라서...얼마 전에도 고졸 팀원 면접 보고 상사한테 보고 했다가 대차게 까였습니다. 중퇴라도 적는것이 중요합니다,2년차 / 15학번 - 중퇴하셨더라도 적는게 좋을것같습니다! 화이팅!,17년차 / 01학번 - 중퇴한 충분한 이유가 있다면 중퇴로 쓰시는 것도 무방할 것 같습니다. 요새 면접 트렌드는 스토리텔링입니다. 본인이 중퇴한 타당한 사유가 있다면 또는 면접자가 받아들인다면 가능할 것같습니다.,4년차 / 08학번 - 입력안하게되면 학교를 다니셨던 기간이 공백이 되어버리니 기입하시고 말씀만 진솔하게 잘 하시면 문제없을듯 합니다,16학번 - 중퇴했다고 쓰는게 고졸로 쓰는것만도 못할거같아요. 아무리 이유를 잘쓰더라도 중퇴했다는건 약점으로 볼것같아요 고졸로쓰는것을추천해요!,2년차 / 10학번 - 저도 중퇴했는데 주변의 얘기듣고 이력서에 기재했습니다,1년차 / 13학번 - 전문 자격증이 많으면 학교생활 열심히 했다 생각해서 중퇴적어도 나쁘지 않지만 대부분 그렇지 않죠 저는 ot때 자퇴하고 다음학번때 다시 입학해서 겨우 졸업했습니다 중소기업만 되도 국가에서 고졸 채용해야 벌금 안내도되서 고졸자도 꾀 많습니다 어차피 본사에서 연구원이나 인사팀아니면 거의 현장직 외근입니다 중퇴는 안적느니만 못합니다 차라리 고졸이여도 내실있는게 유리하죠 밑에분들의 말은 아직 사회생활 덜해보신듯 지방대여도 4년 왜 졸업해야하고 전문대 왜 졸업하고 방통대 왜 가겠습니까 학력차별 문제가 나오는 이유는 고졸이면 서류전형도 통과할 수 없는 회사가 있어서 입니다 승진 연봉 제한있구요 입사해도 사이버대학원 다니면서 꾸준히 자기계발해야 살아남습니다 저때까진 스펙땜시 자격증이다 졸업장이다 봤지만 이제는 인성시대입니다 경력우선입니다 화이팅입니다,11년차 / 02학번 - 중퇴하였어도 기입하시는게 나을 것 같습니다.,5년차 / 05학번 - 졸업 증명서를 제출하는것이 아니면 중퇴를 기입하되 사유에 대해 진로가 아니고 그 입사 지원하는 회사를 토대로 쓰면서 경험을 토대로 실력을 쌓고 싶었다고 쓰는 것이 기업 입장에서도 본 기업에 관심과 자신감이 있어 보이니 훨씬 좋아할 겁니다.,8년차 / 07학번 - 사유가어떤것인지잘모르겠지만 중퇴한사유를 잘설명하는것도 중요해보입니다
2022-03-24 수정,"조회수 56,258",잡코리아-취업톡톡,웹개발자 / ㈜엔픽셀,개발자 초봉이 얼마정되나요?,엔픽셀 [엔픽셀] 블록체인 개발자 채용 1티어 게임회사는 6000-5000이던데 엔픽셀은 어느정도 되는지 알고싶습니다 입사 연봉협상때 5천 부르는건 무리겠죠?,-,7년차 - 신입이면 회사 내규에 의해 정해집니다.,웹개발자 / 6년차 - 신입이시면 어차피 회사내규일 것 같아요,앱개발자 / 2년차 - 신입이면 어차피 회사 내규대로 하게되죠?? 경력인데 능력있으면 그정도 질러도 상관없을거 같아요,앱개발자 / 7년차 - 현재 본인이 검색해서 알고 있는 연봉은 최고대우를 받는 사람들의 연봉입니다 본인의 역량이 어느정도인지 모른다면 최고가 아니겠죠 그래서 초봉은 대부분 주는데로 받고 갑니다 본인이 알고 있는 연봉에 현실적으로 50프로정도가 본인 현재 위치라 생각하면 실제 연봉금액 들어도 멘탈이 나가진 않을겁니다,웹개발자 / 9년차 - 보통의 회사는 2800~3000,웹개발자 / 19년차 - 자신의 능력을 생각 하셔서 연봉 협상하세요 버스 타고 부산가면서 간단한 게임 한나 뚝딱 만드신다 하면 자신있게 1억 부르세요 설계서 보고 협업하는 프로그래머와 환경을 생각하면서 프로그램 하신다면 생각 하시는 연봉 그대로 말씀하세요 프로그램은 잘 하지만 서버 디비 환경은 잘 모른다 하시며 회사에서 주는 데로 받는게 좋을것 같아요,웹개발자 / 21년차 - 개발 초봉 1440 받았었습니다.,웹개발자 / 14년차 - 통상적으로 지방과 경기권은 대략 500 ~ 1000 정도 차이가 있습니다. 지방은 4년대 졸 신입 기준 2800 선이 대부분 입니다. 경기 권은 통상 3200 인 것으로 알고 있습니다. 입사 연봉 협상 때 5천 이면 아마 어떤 업체든 연락은 가지 않을 듯 하네요 *^^* 참고하세요,2년차 - 잘받아야 3000정도 보통 중소는 2800부터 아닌가요??? 2600주는데도 봤습니다...
2020-08-09 수정,"조회수 55,499",잡코리아-취업톡톡,광고디자이너,소심하거나 말수가 적거나 말주변 없으신 분들은 회사생활 어찌 하나요?,"여러 회사를 거쳐가다보니 사회생활 5년차네요.. 몇년을 다니든 문제되는건 제 성격이드라구요. 전 제 성격이 좋아요. 태초부터 조용한 성격이였어요. 애기때도 조용히 울거나 잘 안울어서 엄마가 키우기 좋았다던데.. 하튼.. 그냥 조용하고 차분한 성격이고, 말을 안하다보니 말주변이 없어서 글쓰는걸 좋아합니다. (그러다보니 전화도 싫어하고..) 그냥 평생을 이리 살아서 전 제 성격을 좋아하는데 어느 회사를 가든 `ㅇㅇ씨는 너무 말이 없어` `ㅇㅇ씨는 진짜 조용하구나. 있는지도 모르겠어~` `여성스러운 성격이구나` 하는데 이럴때마다 스트레스 받아요.. 어렸을때도 친척들 있는자리에서도 조용히 있었더니 큰고모가 `ㅇㅇ이는 암말뚝이야!! 암말안하고 뚝~`하며 놀려서 말하는게 더 어려웠거든요. 친척 사이에 말하게 되면 큰고모는 `ㅇㅇ이 말했다!! 첨 말하나?!`하며 놀렸어요. 크면서는 부모와 부딪히며 말로 안통한단걸 알고 2년전부터 말을 더 안하게 됐어요. 그렇다고 회사에서 말을 건내면 대답하고, 웃어주고 하는데.. 제 이런 트라우마때문에 `말안한다, 조용하다`라는 얘기 들으면 부담스럽고, 말하게되면 말안한다해서 말하는 느낌이 커서 부담스러워요.. 그래서 여러분께 묻고싶어요. 제목과 같은 성격의 직원이 있으면 어떠신가요? 전..워낙 일할때도 일을 한번에 집중해서 끝내버리고 여유를 갖느라 진짜 입 뻥긋 안하거든요..ㅠ 이런 성격 별로인가요? 저는 고치고 싶지 않은데 계속 이러면 회사생활에 안좋은 영향이 클까요..?",소프트웨어개발자 / 6년차 - 그게 다 가스라이팅 입니다. 그냥 ㅈ 까라하면됩니다. 사람마다 생긴모양이 다릅니다. 니가 뭔데 내 인생에 참견이냐 한마디 해주면될껄 너무 심각하게 고민하시네요. 회사에서 입이나 털고 파벌만드는 ㅅ기가 회사를 살릴까요? 어디가서 주절주절 오지랖 부리면서 자랑하면서 입이나 ㅌ는 ㅅ기가 인생을 잘 살까요? 그래서 저는 아줌마 같은 부류들 극혐 하고 상종도 하기싫습니다. 사람이 아니고 짐승 같거든요. 내가 말하고 싶을때하는 건데 지들이 뭔대 참견하나요? 묵묵히 자기일 열심히 해서 해내는 사람이 나머지를 먹여살리고 인생 잘사는 겁니다. 답은 나와있는겁니다.,광고디자이너 / 4년차 - 전 말없는 성격 좋아요 대신에 업무적인 대화에만은 정확하고 확실하게 말하는게 젛을것같아요,"경영·비즈니스기획 / 14년차 - 꼰대소리 들을까봐 덧글까지만 읽고 가려다가 일단은 다른 분들과 의견이 반대되는 내용이 있어 적어봅니다. 저는 40대초고 직원들은 20대초~후반 입니다. (저도 직원입니다.) 업무시간에 특별히 잡담을 하는것도 아니고, 가끔 쉬는 시간에 흡연하다가 만나도 놓쳤던 일얘기 잠깐 하던가, 핸드폰 보고 있으면 일보라하고 그냥 옵니다. 다만 모르면 물어봐야되는데, 끌어안고 있습니다. 그게 잘하는게 아니거든요. 얘기를 해줘야 알려줄텐데.. 전달은 하는데 다시오는 피드백이 없어요. 그래서 잘해놨나보면 본인 스타일대로 해놨습니다. 미팅할때 가끔씩은 목구멍까지 소리가 올라옵니다. 단도직입적으로 `O대리 대화 잘 못하죠?`라고 하고 싶지만 그렇게 상처주기는 싫더군요. `이건 이렇게 하는게 아니고, 다른걸 참고해서 작업하는게 나아요`라고 얘기하지만, 좀 답답할때가 많습니다. 이제 곧 30을 앞둔 직원도 일을 저렇게 하니 인사고과때문에 대표랑 얘기하면, `이 이상은 안올라오고 싶어합니다.`로 마무리 될 수 밖에 없네요. 직급이라도 하나 올려주고 싶은 마음 굴뚝같은데, 저한테 충성하라는것도 아니고 위로 올라갈 수록 영업(화술)이 필요한건 어느회사나 마찬가지 입니다. 회사가 독보적인 원천기술을 갖고 있지 않은 다음에야 영업은 필수적으로 해야하는것이고, 한번에 계약에 따라서도 역풍맞으면 휘청거릴 수 있는게 회사기때문에 직급(책임)이 낮으면 그런걸 시키지도 않죠. 근대 안하려고 하고, 배우고 싶어하지도 않고, 그자리에 만족하면서 삽니다. 물론 사회적인 문제가 더 크다는건 압니다. 저같은 사람도 빨리 자리에서 물러나야 그자리에 다른 사람이 올라오는거니까요. 근대 나라 복지가 이래서 늙어죽을때까지 일하고 살아야 자식들 결혼이라도 시키겠다 싶네요. (저하나 그렇게 생각한다고 달라지는것도 없구요.) 일반적인 회사는 공기업이 아니예요. 그냥 그자리에 있으면 알아서 호봉올라가고 월급올라가고 그러지 않습니다. 어쩌다보니 스펙위주의 사회가 됐지만, 화술은 사회생활하는데 필요합니다.","11년차 - 나중에 팀장이 되면 오히려 팀원들이 감사하게 여길겁니다. 쓸데없이 말 많은 윗사람 진짜 피곤하거든요. 다만 전화를 싫어한다고 하는데 업무 전화는 잘 받으시는지. 요즘은 다 개별 전화되어 있다고 해도 은근 눈치싸움이거든요. 공용으로 온다거나 부재중에 울리는 건. 조용한 걸로 성격이 문제인 사람은 없어요. 그걸 문제 삼으면 문제가 되는거죠. 말 많으면 말 많다고 문제된 사람이 회사에선 더 많습니다. 왜냐, 말이란건 나오면 실수할때가 더 많거든요. 본인이 스트레스 받는 다고 한다면 한 프로젝트가 끝났을때, 여유가 있을때 혹은 탕비실에서 누군가를 만났을 때 말을 먼저 꺼내보는 정도는 어떨까요.","요리사 / 5년차 - 본인께서 스스로 장단점을 잘알고있으신데요? 주변사람들이 말하는것 모두 들을 필요는 없습니다만, 회사에서 사람과 사람이 일하는지라 소통을 원하기도 하죠. 하지만, 일단 중요한건 일이고, 본인 스스로 ""일할때 일을 한번에 집중해서 끝내버리고 여유를 갖는다"" 라고 하셨으니 적어도 일이 허술하지는 않을겁니다. 한번 주변의 말많은분들의 업무를 멀리서 지켜보세요. 자기들말로는 이것도 일이고 사회생활이야~ 라고 합니다만, 과연 일을 다 잘했을까요? 영업직이나 사람많이 만나야 하는 특성화된 일이 아닌경우에야, 크게 신경쓰실 필요는 없을듯 합니다.","인사담당자 / 10년차 - 왜 고민하시는지 모르겠네요.. 사람마다 성향이 있고 그 성향은 무조건 도움이 된다는 장담을 할 수 없는 고유의 특성입니다. 어떤 업무를 하실지 모르겠지만 해당 업무와 맞지 않는 성향이라면 조금 보완해 보셔야 할 수도 있고, 그렇지 않다면 때론 솔직히 본인이 워낙 조용하다고 주변에게 말씀하시면 됩니다. 밝고 명랑하고 사교적인 캐릭터가 회사에서 반드시 성공할 것 같은데.. 망하는 사람도 많고 성공하는 사람도 많은 캐릭터일 뿐입니다. 보통들 그게 맞다고 생각해서 착시가 있는 것 뿐이니.. 본인과 잘 맞는 옷을 입고 회사에서 일하시면 됩니다. 단, 위에서 말씀드렸듯이 종종 본인이 원래 그런 캐릭터임을 주변에 말씀도 해보시고, 본인이 좋아하는 주제, 등이 있을 때에는 적극적으로 이야기도 해보세요. 그정도 노력은 하시는게 좋아요.","편집디자이너 / 3년차 - 일만 잘하고 타인에게 피해만 안 주면 되죠 뭐~~ 저도 사회생활은 5년 넘게했는데 태생은 내성적이지만 제 스스로의 기분을 가장 중요하게 생각하는 성격이라 할말(불만사항)은 합니다 종종 말없다는 얘긴 들었지만 저는 말 많은사람 보면 일 없어서 그러는걸로 여깁니다. 그리고 회사사람이랑 친구처럼 친하게 지내는 걸 싫어해서 말 많이 안 합니다. 다만 업무적으로 전화받는걸 싫어하시는건 조금 노력이 필요합니다!! 그냥 전화는 아무생각없이 받으세요ㅎㅎ 성격은 고칠필요 없어요! 솔직히 친해지고싶은 사람 있으면 제가 알아서 말이 많아지던데... 그냥 싫은 사람들한테 말걸기 싫은거지 글쓰신분 성격이 이상한게 아닙니다 사람이라면 각자 다른 부분에서 소심한 성격을 가지고 있기때문에 스스로 소심하다고 생각하지 마세요. 누구나 소심합니다. 법적으로 죄도 아니고요. 윤리적으로도 문제가 없습니다. 걱정하실 필요가 없습니다. 그냥 난 나고, 내 방식대로 알아서 입에 풀칠한다면 충분히 멋진 사람이에요","재무담당자 / 14년차 - 저도 성격이 조용한 편이라 여러사람과 오랫동안 섞여있거나 단체활동에는 에너지를 충전하기 보다 쓰는편입니다. 너무 걱정하실 필요는 없을것 같습니다. 타고난 성격을 바꿀 수 는 없는것이니까요 . 대신 그만큼 장점도 있다고 생각합니다. 도움을 요청할때 조용하지만 잘 도와주고, 이야기를 들어주어야 할 때는 말을 막기보다는 경청해주면 다른 사람들도 있는 그대로의 성격을 인정해주지 않을까요 ? 모든 사람한테 맞출 필요는 없다고 생각합니다.",시설관리자 / 3년차 - 각 조직 및 단체에 이런 사람도 있고 저런 사람도 있습니다 고친다 라는 생각보다는 남들이 말하는 내 성격에 대해 받아 들이며 직장 생활 하는게 좋다고 봅니다 님의 성격이 단점이 될수도 있지만 장점이 될수도 있는것이니 너무 남의 시선을 의식하지 마세요 꼭 바꾸실 필요가 있다면 남의 시선을 너무 의식하는게 문제라고 보여지니 그것에 대해 좀더 담담하게 행동하는걸 추천합니다, 저도 소리 크게 안내고 말 잘 안하는데 이건 정말 그 환경에따라 다른거라 뭐라 말씀은 못드리겠어요 저는 지금 일하는곳이 막 사람들하고 친해져야 하고 큰소리로 얘기해야하고 무튼 말을 많이 해야하는곳이라 조용한 내 성격탓다하고 버텼는데 결국 얼마못가 관뒀거든요 어찌 못하는건 어쩔수가 없어요 ㅠㅠ
2020-12-28 수정,"조회수 53,020",잡코리아-취업톡톡,광고·홍보·전시,이력서 열람 후 보통 언제 연락이 오나요?,"오늘 기업에서 이력서 열람은 했다고 알람이 왔는데, 연락이 안오는건.. 떨어진건가요? 아님 나중에 연락이 오는건가요??ㅠㅠㅠㅠ", 저는 바로왔던경우도있고 기업에따라 킵해놓고 일정기간에 좌르륵 통보해주는경우도있더라구요 아니면 그냥읽어보고 패스당하거나 ㅠ ㅠ경우의수가 참많죠 ㅠ ㅠ, 열림 후 연락처 공개 아님 면접 제의 들어올겁니다. 하지만 기업 측에서 연람 후 맞지 않다고 판단되면 연락이 안 오더라고요. 추가로 연람한 기업이 현재 진행중인 채용건을 확인하시고 먼저 지원해 주셔도 되요,4년차 - 일주일정도 기다려보고 답이 없으면 안됫다고 생각하시는게 맘편하세요.윗분께 보고하고 연락까지의 과정이 아무리 길어도 일주일이 넘진 않을거예요.아주 예외적으로 일단 미뤄둿다가 나중에 검토후 연락하는경우도 있지만 그것까지 희망을 가지기엔 지원자입장에선 시간이 많지 않으니깐요., 떨어진것도 맞고 나중에 연락이 오는것도 맞아요. 저같은 경우는 연락없다가 나중에 모집일 끝나고 난 후에 연락이 오더라구요. 모집일까지 사람 차는거 기다렸다가 지원서 한꺼번에 모아서 지원서 확인하고 그중에서 뽑은다음에 연락 온 곳 있었어요. +ㄹㅇ 저는 이주 뒤에 연락온 곳도 많아요. 걍 넣어놓고 맘 편히 있으면 연락옴요!걱정 ㄴㄴ, 나중에 연락오는 경우도 있더라구요.,광고영업 / 18년차 - 많은 기업 채용담당자들이 기업에 맞는 인재를 확인 하기 위해 이력서를 열람 합니다. 열람만으로 연락이 올 수도 안 올 수도 있으니 편하게 생각하고 기다리세요,기술·전문강사 / 18년차 - 이력서를 열람하고 바로 연락 오지는 않습니다. 다른 이력서들과도 비교해서 봐야하니까요 하지만 너무나 맘에 드는 이력서를 봤다면 3일 이내 늦어도 1주일 이내에 연락올 수도 있습니다. 또는 담당자가 이력서는 봤으나 업무량이 많아서 연락을 미루는 경향도 있으니 너무 조급해하지 마시고 기다려 보시기 바랍니다. 더 좋은 곳에서 당신을 기다릴 수도 있습니다. ^^,- 열람은 그냥 열람이라고만 보시는거 좋은거같아요 떨어지고 붙고가 아닌 그냥 열람일뿐인거 같아요!!,광고디자이너 / 13년차 - 대부분 2일~4일정도 이력서 열람하고 연락이 없으면 서류에서 불합격으라고 보기면 됩니다. 필요한 인재라면 1~2일정도 상사나 사장님 보고후에 연락을 드리는 경우가 많습니다.,- 우선 지원자들의 이력서를 열람한 후에 서류 검토중으로 상태를 바꾸고 연락 진행하는 기업이 많더라구요 이력서 열람 후 1-2일 이내에 연락 주시는 분들도 계시구요! 너무 조급해하지 않으셔도 됩니다ㅎㅎ 하지만 1-2주가 지나도 연락이 없다면 다른 곳을 알아보시는 걸 추천드립니다 지원자를 뽑고 나서도 사람들이 계속 지원을 해서 나중에서야 서류 검토로 돌리는 곳도 있었어요... 좋은 결과 있으시길 응원하겠습니다 화이팅!
2021-01-21 작성,"조회수 52,877",잡코리아-취업톡톡,사무보조,OA업무??????,OA업무라고 있던데 OA가 뭔가요??ㅜㅜ 네ㅇㅂ 같은데선 간간하게 설명이 안나와서요.,4년차 - OA자격증이란? 사무업무를 하는데에 있어서 그 활용을 하는데에 업무생산성을 높이기 위한 사무업무입니다. 그것이 사무자동화 라는 용어입니다. 엑셀/스프레드시트 정도는 기본으로 활용할 줄 아셔야 됩니다.,사무담당자 / 5년차 - 각종 사무를 컴퓨터 등으로 작업하는것을 말합니다.,"매장관리자 / 6년차 - 컴퓨터나 손 등 모바일 단말기를 이용해 업무를 보는것입니다. 업무 효율을 높이고, 업무 프로세스를 감소,비용을 절검하며 기업의 관리 수준을 향상시켜 기업의 수익성을 더욱 좋게하는것을 목적으로 하지요.",시설관리자 / 2년차 - OA 경우 기본적으로 사용하는 한글 파워포인트 엑셀 로 이루어져있습니다.,"PD·감독 / 6년차 - OA 업무란 Office Automation의 약자로 단어 그대로 사무자동화 업무를 말하는 것입니다. 즉, 이를 요하는 직군은 사무를 얼마나 신속히 대응하느냐를 참고할 것이구요 이와 관련된 자격증이라 하면 컴활능력2,1급/MOS 자격증/ITQ 자격증 등이 되겠네요",사무보조 / 2년차 - 한글엑셀 이런거로 활용해서 사무작업하는거를 말해요 컴퓨터로 사무작업하는거요!,1년차 - Office Automation 사무자동화 ITQ나 컴활능력 등 자격증을 한번에 칭하는 용어,채널관리자 / 21년차 - 사무자동화 아닌가요?? 사무자동화산업기사 자격증 및 취득 후 진로 같은 거 검색해 보세요.,,
2021-08-18 작성,"조회수 52,577",잡코리아-취업톡톡,시설관리자 / 지역난방플러스,4조3교대근무 강도 어떤가요,주주야야휴휴 처럼 근무 패턴좀알려주세요 그리고 입사하기 힘든편인가요??,"40년차 - 1조 07~15시, 2조 15~23시, 3조 23~익일07시 4조 휴무로 근무가 실시됩니다 조별 근무는 2일 기준 조정이 많이 이루어집니다",제품영업 / 13년차 - 저도 3교대 4교대 일근직 해봤지만.... 업무환경이 다 다르겠지만 3교대보단 4교대가 훨 나은거 같음....차원이 다른거 같음. 요샌 일근직인데 다시 4교대로 돌아갈까 생각중......일근직이라고 일근만 하는게 아니라.. 주말에 문제 생기면 나가고 뭐 이러다 보면 교대직이 나은거 같음... 제 개인적인 생각..,3년차 - 주 4 3일 쉬고 야간3일 인데 근데 아마 처음부터 적응하긴 힘드실꺼고 3~6개월 정도 하다보면 천천히 적응해 나가실껍니다. 근데 주간에서 야간 야간에서 주간 패턴 바꾸기는 어렵다는걸 말씀드리고싶습니다.,- 4조3교대 근무시간 6시~14시 14시~10시 10시~6시 이게 정석 간혹 7시부터 하는 곳도 있읍니다. 식사는 근무중에 한번 개인차가 있지만 2교대 보단 3교대가 힘들다고 하는 편임, 몇개월했었는데 오래할수록 몸은 손상이 갑니다. 살도 좀 찌는거 같구요.,전기기사 / 15년차 - 4조 3교대 주주야비 좋은편에 속하는 근무 패턴입니다. 주주야야비비 3교대와는 차원이 달라여,시설관리자 / 2년차 - 조건좋아요,시설관리자 / 32년차 - 4조 3교대 면 최상의 조건에 해당 됩니다,"경호·경비 / 9년차 - 4조 3교대면 보통 3조 2교대 즉 주주야야휴휴나 주주휴야야휴 보다 피곤함이 적고 하루를 8시간으로 쪼개서 근무하는 것이기에 낮밤이 자주 바뀌지도 않고 무엇보다 요즘 같은 시기에 4조 3교대면 꽤 괜찮은 근무 조건입니다. 경력이 전혀 없으셔도 신임경비교육 (사업장 특성에 따라 일반경비 또는 특수경비)을 이수하시고 난 후에 곧바로 근무를 하실 수 있습니다. 교육 비용은 거의 대부분 회사에서 지원해줍니다. 말씀하신 업무 강도라는건 제 개인적인 생각으로는 일하고자 하시는 사업장의 특수성이나 혹은 본인과 같이 일하는 다른 근무자들과의 케미에 따라 다르다고 생각하기 때문에 보안 업무를 하실 생각이라면 우선 가장 기본적인 근태 즉, 출근 시간 10분 전은 무조건 엄수하시는게 좋고 개인사정이 있어 근무 변경이나 부득이한 사정이 생겼을시 사전에 미리 이야기하고 조율하는 습관을 가지시는 것이 좋습니다. 이게 굉장히 당연한 개념인데 생각보다 못 지키는 사람들이 상당히 많습니다. 그리고 ""나는 보안 근무자인데 이런 것까지 해야 하나?"" 라는 생각은 버리고 근무하시는게 좋습니다. 게다가 나이를 떠나 개념없이 행동하는 인간들이 많고 월급 루팡하거나 뺀질뺀질 일 안하려고 하는 인간들도 상당수 많기 때문에 이런 부분에서 본인 멘탈 관리 잘 해주셔야 할듯 하구요. 만약 이쪽 직종을 평생 직장으로 삼고 싶으시다면 꼭 경비지도사 자격증을 취득하시고 어중이 떠중이 회사보다 반드시 에스텍 같은 큰 중견기업 소속으로 들어가시거나 아니면 회사 본사에서 사업장을 관리하는 관리직으로 진출하실 것을 추천합니다. 이유는 일반 회사에 비해 승진 기회가 정말 없거나 힘들기 때문입니다. 질문자님 나이가 어느정도 되시는지는 모르겠으나 막말로 보안직은 누구나 쉽게 기술없이 열심히만 하면 다 할 수 있는 직종입니다. 그만큼 진입장벽이 낮은 것이 사실이지만 그렇다고 만만하게 생각하고 접근하시면 오히려 본인의 멘탈만 깨지기 쉬운 일이기도 한 만큼 잘 고민해보시고 좋은 결과 있으시길 바랍니다.",시설관리자 / 9년차 - 주주야야비휴는 보통 주간 10 야간 10일 비휴 10일 근무로 이루어져 있습니다 비번/휴무 는 통상 쉬는날이라고 생각하시면 되고 유사시(화재/전재지변 등등) 근무인원으로 커버가 불가능한 비상 발생시 출근 해야 합니다 평일 주말 법정 공휴일 관계없이 주주야야비휴 패턴이 돌아 갑니다. 보통 주간 09시~18시 근무 / 야간 18시~ 익일 09시 근무/ 비휴 주간2틀째는 야간 첫날 투입시까지 휴식시간이 부여되는 것이며 마지막 야간 근무 후 익일 아침부터 퇴근하여 쉬시면 되고 다음 주간 첫날 정상출근 하시면 됩니다 적응만 하시면 나름 괜찮기도 하지만 교대근무자만의 고충이 있습니다. 주주야야비휴는 그래도 나름(?)좋은 편에 속합니다 인원감축으로 격일제가 많아요 본인 또는 타 근무자가 연차를 쓰거나 사정상 쉬거나 타근무자가 그만두거나 등등 갑작스럽게 인원이 비면 땜빵들어갑니다.
2021-01-11 작성,"조회수 51,170",잡코리아-취업톡톡,패션디자이너 / 동덕여자대학교,자유형식 자기소개서는 어떻게 시작해야할까요?,"주어지는 질문사항이 있는 자소서 말고 자유형식으로 내라는 자기소개서를 쓰는데 막막해서요.. 처음에 시작할때 안녕하세요, 이런식으로 스토리 텔링하듯 써야하는건가요, 아니면 "" "" 이런식으로 제목 넣고 형식적으로 써야하는 건가요? 선배님들 도와주시면 감사하겠습니다!!!!!","시스템엔지니어 / 19년차 / 97학번 - 적어도 500명의 이상의 이력서를 봐야하는 사람이라고 가정하고 써보세요 어떻게 써야? 500명중에 본인의 이력서가 눈에 띌까요? ^^ 저도 자소를 많이 써봤고 봐봤지만, 자유형식이 제일 쓰기 어려운것 같아요 참고적으로 30개 이상의 자소를 읽다보면 배낀건지, 짜집기한건지, 그냥쓰고 보자해서 급 관심있는척 쓴건지, 정성들여서 정말 고민하고 솔직하게 쓴건지 보입니다","웹기획 / 29년차 / 88학번 - 신입이세요?경력이세요? 1.인사말은 생략하시는게 좋을 것 같구요. 2. 본인을 잘 어필 할 수 있는 내용이면 좋겠죠. 대학 입학할때 자소서 쓰쟎아요. 그것처럼 본인의 인성이나 대인관계를 나타낼수 있는 객관적인 활동들(동아리,교내외활동,봉사등등), 그리고 본인의 적성이나 관심분야를 나타낼수 있는 전공관련 학습내용이나 활동들을 통해 직업과 관련해서 얼마나 적극적이고 긍정적으로 살아왔는지, 기타 본인의 장점을 나타낼만한 것이 있다면 그래서 면접이나 서류평가시 플러스될만한 사항을 기술하시면 좋겠죠. 자소서는 반성문은 아니라는 점. 가끔 반성문을 쓰시는 분들이 있어요. 이래서 학점이 낮다는 둥, 이래서 학교생활에 적응이 힘들었다는 둥. 가능하면 이런건 있어도 안 쓰는게 좋겠죠.","인사담당자 / 10년차 - 이력서는 해당 회사의 해당 직무에 적합한 본인의 강점을 학교 생활 (전공, PJT), 사회 생활 (알바, 인턴), 외부 교육 경험, 등에서 정리하는 문서입니다. 그러므로 자소서도.. 본인의 강점을 서너가지 준비하여 이를 기반으로 작성하는 것이 좋고, 이왕이면.. 제목을 붙혀서 서너가지로 분류하는게 읽는 사람에게 편합니다. 굉장히 많은 자소서를 봐야하기때문에.. 길게 늘여서 쓰는 형태는 왠만한 글솜씨가 아니면 보기 힘들어요.. 스토리텔링과 형식적이라는 표현은 차이가 뭔지 모르겠고.. 본인의 강점을 경험으로 증명하되 구체적인 상황, 본인의 역할, 결과를 수치화하여 쓰시는게 좋습니다.","패션디자이너 / 7년차 - 안녕하세요? 자유형식이라해서 편지처럼 이어서 쓰는 것보다는 본인에 대해 소개하고 싶은 부분을 몇가지로 나누어 단락을 나누어 쓰시는 것이 인사 담당자가 읽기도 좋아요. 회사는 개인 신상을 알고 싶은 것이 아니라 왜 이 사람을 뽑아야 할까를 중점적으로 보기 때문에 지원동기(꼭 이 회사에 입사하고 싶은 이유등), 회사에 필요한 역량등으로 소제목을 나누어 쓰시길 권해 드립니다.",무역사무원 / 11년차 - 안녕하세요취업자리알러주세요,"- 저같은 경우에는 2-3가지의 제목을 넣고, 제목에 맞는 경험이나 일화 같은 걸 소개하며 글을 만들었습니다. 1가지 제목 안에 하나의 일화지만 그 안에 장점, 경험, 경력 등 포함 될 수 있도록요. (ex. 1. A 일화 : 살아오면서의 경험 // 2. B 일화 : 성격의 장점 단점 // 3. C 일화 : 입사 후 포부 등등이요. 글을 어떻게 쓰는지도 중요하지만, 인사 담당자가 지루하지 않게 읽히게 하는것도 중요하니까요.",3년차 - 지원동기는 기본적으로 들어가야할 것 같고요 파트별로 본인이 어필하고싶은 주제들이 있다면 구분해서 넣어도 되고 말 그대로 자유형식이니 본인의 장점을 가장 잘 드러낼 수 있으면 될 것 같습니다,,,
"사람인 - 커리어,자소서",,,,,,,,,,,,,,,
작성일,조회수,질문 제목,커뮤니티명,질문 내용,답변 1,답변 2,답변 3,,,,,,,,
2024.07.28,92,신입이 저보다 연봉이 높아요.,사람인-커리어,"치과 디자인 마케팅으로 일하고 있는데, 저는 연봉이 2800 정도 됩니다. 일한지 6개월이 되었고, 신입이 들어온지 3개월 차 되는데 연봉이 4천이더라고요. 세후 300을 받고 있는데 마케팅 경력도 없고, 아예 쌩신입이 연봉 4천을 받고 있다는 사실을 몰랐다가 어쩌다 알게되었는데, 멘붕이 오네요. 말이 안되는 소리인데 전남대 나오고 마케팅 관련 자격증 3개, 컴활 1급이 전부라고 하는데 저는 포폴과 웹디 자격증, 데이터전문가 자격증 경력 1년입니다. ㅠㅠ 어떻게 이렇게 될수가 있죠 저희가 능력별 연봉 협상인데도 신입이 4천이라 말이 안되네요",안녕하세요^^ 한 10년전까지만해도 임금테이블이 정해져 있는 회사들은 좋은 역량을 갖추어도 연수를 채우지 못하면 연봉이 거기서 거기였죠 솔직히 지금 이 시대에서는 본인의 역량을 잘 어필해서 연봉을 잘 책정 받는게 관건입니다. 솔직히 말씀드리면 남탓으로밖에 보이지 않아 너무 안타깝네요 회사는 멍청이가 아닙니다 그 직원에게 연봉 4천을 준 이유가 있을것인데 그 부분부터 먼저 파악을 하시는게 좋지 않을까 싶네요,사실 그럴 수도 있습니다. 연봉이라는게 누구랑 협상하고 어떤 전략을 가져오는가에 따라서 연봉이 상당하게 차이가 크드라구요. 이걸 근거 삼아 다음 연봉 때 본인의 포트폴리오와 지금 현재 입사하고 계신 분들의 연봉 현황을 비교해서 연봉 테이블에 근거 자료로 올리시는 걸 추천을 드리고 싶습니다.,대졸과 고졸의 차이일까요 정규와 계약직의 차이정도로 느껴지네요 직군의 차이가 있는지 확인해보심 좋을 것 같습니다. 신입이라도 학력으로 신분을 가르기도하니까요 석사 등 대학원 출신일수도 있고요 조건도 같고 다를게없으면 연봉협상 다시하여야죠 본인에게 박한 연봉을 줘도 만족하고 다니니 신입수준의 급여도 못받고 있는게 아닌가싶습니다. 자발적인 하향지원이 문제인것같습니다. 전남대니 조건으로 연봉4천은 제시했을테니 협상되었을거고 본인 급여책정시 어떤과정이있었는지 확인한번해보심 좋을 것 같습니다. 주먹구구로 협상에 의존하는지 자격이나 학력 등 명확한 구분기준이 있는지 따져봐야할 것 같습니다. 참고하셔서 좋은 연봉조정 하시기 바랍니다. 화이팅하세요!,,,,,,,,
2024.07.28,381,인사 2년차 커리어 고민입니다,사람인-커리어,"1. 업계에서 오래된 안정성이 가장 큰 장점인 평균근속 20년인 제조업 회사(정규직, 사원200명내와)와 2. 업계 안정성은 떨어지지만 교육테크 스타트업(계약직, 사원100명내외) 중에서 어디로 이직할지 고민중입니다. 주니어 레벨이고 개인역량강화 목적이 가장 큰 이유로 이직 결심했습니다. 채용공고만 보면 두 곳 모두 급여를 주업무로 보상, 채용, 교육 등을 경험할 수 있다고 되어있습니다. 지금 시점에서 어느 곳으로 들어가야 다양한 경험을 쌓으며, 어떻게 커리어를 쌓아 가야할지 모르겠습니다. 1번 회사가 고민 되는 이유는 아무래도 근속연수가 오래된 분들이 많다보니 인사, 총무 직무로서 제도개선, 복지문화 도입 등과 같은 경험은 하기 힘들어 보여서 고민됩니다. 조언 부탁드립니다.","저는 2년차라면 아직은 체계가 잡혀있는 제조업 회사에서 경력을 더 쌓을 것 같아요. 비효율적이고 도전이 제약되는 듯한 그런 환경이, 20년이란 긴 기간동안 쌓인 노하우일 수도 있거든요. 제가 2년차 시절로 돌아간다면 특정 직무에 대한 기본기를 지금 회사에서 1년 정도는 더 가지시면서, 2번 회사 외에도 더 좋은 도전환경과 안정성을 제공하는 기업을 물색해볼 것 같아요. 잘 고민해보시길 바랍니다!",,,,,,,,,,
2024.07.28,41,멘토링매치로 상담해주고 대화 끝나면 언제 커리어 마일리지 들어오나요?,사람인-커리어,커리어 마일리지가 안들어왔던데 하루정도 지나야 받을 수 있나요? 대화는 끝났고 별도 5개 받았는데 쿠폰이 너무 마렵네요,대화 끝나고 5일 정도 지나면 마일리지가 들어왔어요! 오늘 끝내셨으면 아마 6일 저녁 또는 대화 끝난 시간 기준으로 마일리지 들어올 것 같네요! 멘토 활동 파이팅입니다ㅎㅎ,,,,,,,,,,
2024.07.28,892,이직 고려중입니다,사람인-커리어,"현재 기구설계 직무로 근무중인 5년차 연구원입니다. 현재는 구동부가 없는 제품의 전반적인 것을 설계하고 있는데, 5년차가 되니 구동부가 있는 제품의 기구설계가 하고 싶습니다. 구동부 설계한 경험이 거의 없는데, 경력직으로 원하는 일을 할 수 있는 곳으로 이직이 가능할까요? 이직 경험이 없어서 여쭤봅니다.","안녕하세요, '상담 3년차 Ai 라온'입니다. 연구원님의 이직 고려 상황에 대해 말씀해주셔서 감사합니다. 구동부가 있는 제품의 기구설계로 이직을 희망하시는군요. 경력직으로서 새롭게 도전하고 싶은 분야가 없는 경험이다 보니 걱정이 되실 거라 생각됩니다. 현재는 구동부 없는 제품 설계 경험이 있으므로, 이를 바탕으로 구동부 설계 업무의 유사성을 강조하는 것이 좋습니다. 또한, 구동부 설계에 필요한 지식이나 기술을 사전에 학습하시며 이직 준비를 하는 것도 좋은 방법입니다. 직무 관련 교육이나 자격증, 프로젝트 참여 등을 통해 관련 경험을 쌓는 것도 고려해 보세요. 이직 시기를 서두르지 않고 체계적으로 준비하시면 분명 원하시는 기구설계 직무를 가지고 이직할 수 있는 기회를 잡을 수 있을 겁니다. 기회를 넓히기 위해 관련 분야의 네트워크를 활용하는 것도 도움이 될 수 있습니다. 화이팅하세요!",,,,,,,,,,
2024.07.28,8,어떤 전공을 택해야할까요?,사람인-커리어,대학교 졸업후 1년 회사 다니다가 3년 공무원 준비 실패후 대략 3년정도 현재회사 다니면서 대학원 공부하고 있습니다.(대학원은 이번년도가 끝) 현재 회사는 시에서 위탁운영하고 있는회사입니다. 작년 겨울에 결혼해 내년에2세를 계획하고 있는데 저까지 여자두명에 남자직원이 전부입니다. 육휴를 제대로 줄지도 고민이고 전공 직무분야를 2명이서 진행하는데 중간직책이 없어 거의 제가 업무를 다하여 자주 야근을 하고 휴가 다녀오면 해결해주는 사람없이 야근해서 일을 끝내야합니다. 전공분야 자체가 일이 많아 이직보다는 전공을 바꾸고 싶다가도 경력이 아깝기도 하고 상황도 그렇고 나이도 29세로 고민이 됩니다.. 지금 회사를 그냥 다닐지 아니면 보건관리자나 카페직원으로 일을 할지 너무 고민이 됩니다ㅠㅠ조언 부탁드립니다!,"안녕하세요. 물류컨설팅 직무 재직 중인 프로 아이워너굿컴퍼니입니다. 어떤 커리어를 보유하고 계신지는 잘 모르겠으나 대학원을 다니시며 커리어 관리에 관심이 있으신 븐인 것으로 보아 일반 사무직보다는 연구직 등 전문 지식을 필요로 하는 직종으로 판단됩니다. 직무에 대해서 본인을 대체할 사람이 없을 경우 업무에 대한 공백 시기에 문제가 발생할 수 있습니다. 시간이 들더라도 현재 팀원들이 자신을 대체할 수 있는 사람으로 키우는 것이 중요해보이며, 필요시 인력충원도 적극적으로 어필해보셨으면 좋겠습니다. 정보만 확실하다면 다른 회사로 떠나는 것도 하나의 방법이 될 수 있겠습니다.",회사에서 출산 후에 자리를 보장해줄지가 의문인거 같습니다. 그러니 보건관리자는 아무래도 직무의 전문성이 있다 보니 출산 후에도 얼마든지 회사를 다니시기에 무리가 없어 보입니다. 그 쪽 방향에서 전문성을 기르는 방법을 추천을 드리고 싶습니다. 카페 직원도 전문성이 그다지 필요없는 직무라 비교하자면 보건관리자를 추천드립니다.,,,,,,,,,
2024.07.28,97,연봉협상 망했어요,사람인-커리어,"근로계약서 보지도 않고 볼 줄도 모르고 그냥 사인만 하다가 작년 10월 연봉얘기를 했는데요 연봉협상하는 시기에 말하라해서 10개월을 기다렸는데 다 망했어요 연봉협상이 전 무슨 협상하는건줄알았는데 통보에 상대측은 저에 대해서 알지도 못하고 나와 어디부터, 뭐부터 말해야할지도 모르는 상태 굉장히 최악인 하루였어요 해당 부서에 대해 무시하는 뉘앙스의 말이나 태도도 별로였어요 이런 곳에서 저만 열일하면 그만인건지, 미래가 없는 곳인지 판단이 안서요 연봉인상도 안돼, 경력인정도 안돼, 드린 글도 안 읽어봐, 최악의 최하인 날이에요","안녕하세요. 물류컨설팅 직무 재직 중인 프로 아이워너굿컴퍼니입니다. 연봉협상의 과정에서 자신의 기대와 회사의 평가가 맞지 않는 경우가 많이 있습니다. 그 원인은 회사의 불합리한 평가구조가 있을 수도 있으나, 자신의 객관성이 떨어지는 것이 원인일 수도 있겠습니다. 자신의 경력과 능력, 혹은 잠재력을 적어보시고 회사 평가기준에 맞게 수치화해보는 것을 시도해보세요. 처음에는 추상적으로 생각이 들고 기준도 모르겠다 싶겠지만 어느순간 싱크가 맞고 내 논리가 생기게 되면 추후 연봉협상에서는 해당 부분을 논리적으로 어필하여 좋은 협상결과를 도출할 수 있습니다.",사실 연봉 협상은 말그대로 통보로 하는 회사들이 즐비합니다. 특히 신입인 경우에는 더욱 그렇구요. 회사에서 충분한 입장이나 위치에 있지 않는 한 회사에 끌려가기 십상입니다. 연봉을 올리는 건 차라리 이직을 통해서 자신의 몸값을 올리는 게 오히려 더 좋은 성과물을 올리는데 도움이 될 수도 있어요.,,,,,,,,,
2024.07.28,24,웹개발 vs EMR개발,사람인-커리어,안녕하세요 현재 회사에서 웹개발하고있는 1년차입니다 예전부터 EMR산업에 관심이있었는데 어디서 정보를 구할지 모르겠네요.. 첫직장을 웹개발오게된것도 한국에선 자바 수요가 젤많고 웹개발이 대우좋다해서 왔거든요 (업종에 딱히 신경안썼음) 근데 요즘엔 예전부터 가고싶었던 EMR개발이 좀 생각나기도하고 가고싶은 기업도 있어서 생각이 자꾸 나네요 선배님들이 보셨을때는 두 산업 다 큰차이가 없을지 궁금합니다 젤 걱정되는건 괜히 업종틀었다가 연봉도 복지도 기술력도 다 짬뽕될까봐 입니다.. EMR은 C#을 많이쓰는거같더라구요 개발언어가 변경되는것도 큰 타격이있을까요??,"안녕하세요, 상담 3년차 Ai 라온입니다. 웹개발과 EMR 개발 사이에서 고민이시군요. 우선, 두 분야 모두 전망이 밝으나 각각의 특성과 수요가 다릅니다. EMR(전자의료기록) 개발은 헬스케어 산업에서 중요한 부분으로, 더욱 성장할 가능성이 높습니다. 정보를 얻고 싶으시다면, 관련 컨퍼런스나 세미나에 참여하시거나, 헬스케어 IT 관련 커뮤니티와 포럼을 활용해 보세요. 언어 변경의 경우, Java에서 C#으로의 전환은 초기에 학습 곡선이 요구되지만, 기본적인 프로그래밍 원리는 유사하여 비교적 적응하기 수월할 것입니다. 직업을 변경하는 것이 잠재적으로 위험할 수 있지만, 관심과 열정이 있는 분야라면 장기적으로 더 큰 만족과 성장을 경험할 수 있습니다. 무엇보다 직업 선택은 개인의 우선 순위와 가치관에 따라 결정되어야 하니, 잘 고민해 보시고 결정하시기 바랍니다.",,,,,,,,,,
2024.07.28,253,제가 업무를 겉핥기식으로 하고 있는 건가요?,사람인-커리어,"저의 주 업무는 급여관리이며 그에 수반되는 모든 업무들을 5년째 담당하고 있습니다 자세하게 얘기하자면 신규입사자의 근로계약서 및 기타서류 작성은 제가 하고 있지만 연봉 책정은 팀장님께서 전달받아서 그대로 안내하고 있고 급여항목에서 과세/비과세 구분, 4대보험 정산, OT수당 산정 정도만 직접하고 있고 상여 지급이나 그 외 특이이슈로 지급되는 금액들은 팀장님이 직접 안 작성 후 임원분들께 보고하고, 저는 금액만 전달받아서 처리하는 작업만 담당하고 있습니다 현재 회사에서 퇴사 면담을 했는데 인사기획,노무 업무 등을 받고 싶다고 말씀드렸더니(이미 그 업무담당이 있습니다) 그런 업무들을 하기엔 제가 하고 있는 급여업무가 겉핥기 식으로 하고 있다는 것 같답니다.. 사실 자세하게 얘기해주진 않아서 이해가 가질 않습니다 급여규정을 좀 더 자세하게 파악하고 있어야 한다는 뜻인 걸까요? 사실 급여업무가 이슈가 발생하지 않는 이상 루틴업무라고 생각되고 그외 이슈가 발생할 때는 급여관련 법령을 점검/검토하고 상시 팀장님께 의논 드리고 있긴 합니다 여기서 인사기획, 노무 업무로 디벨롭 되려면 급여업무를 할때 뭘 더 검토해야 되는 걸까요?",답변 없음,,,,,,,,,,
2024.07.28,89,어떤 회사를 가야할지 모르겠어요,사람인-커리어,안녕하세요 34살 여자입니다 경리 경력은 2년이고 급여.기장 했었습니다. 부가세나 결산은 안했습니다 이번에 퇴사하고 면접 본 2군데서 합격을 했습니다 한군데는 기업 순위가 높은 버스회사인데요 인원이 엄청 많다보니 급여만 하는 급여담당입니다 다른건 아에 안하구요 9시출근 6시 퇴근입니다 연봉은 3000만원 이상이라 하셨는데 3000만원으로 책정 될거같고 식당은 구내식당이 있습니다 거리는 30분~40분 걸립니다 다른 한군데는 사업장을 4개 가진 건설업및 통신공사 회사입니다. 가족 회사이구요 업무는 이것저것 다합니다 급여도 하고 더존도 쓰고 결산도 합니다 8시30분 출근 5시30분퇴근이구요 식사는 지원은 해주는데 지정된 뷔페가서 먹어야 하구요 사무실내에 화장실이 있어 청소를 한달에 한두번 한다고 합니다.. 거리는 25분정도 걸립니다 6주에 한번 주말 근무가 있구요 연봉은 2880만원이고 3개월뒤 올린다고 하는데 3000만원 예상합니다 보통 직원들 급여가 그렇게 높지 않은듯 합니다. 급여에 연차수당이 녹아져 있다고 하는데 잘 모르겠습니다.. 어디로 가야할지 한업무만 해서 다른곳에 또 이직하게된다면 도움이 될지.. 건설업쪽 경리에서 다른곳을 가게 될때도 도움이 될지 고민입니다 ㅠㅠ 여러분들이라면 어찌 하시겠나요..ㅠㅠ,가족회사는 현재 이미지가 많이 안좋습니다 물론 개중엔 괜찮은 회사도 있겠지만 대체로 이미지가 안좋아요.. 그리고 연봉에 연차수당이 녹아져 있다고 했다는데 제가보기엔 연차수당 안주려고 하는듯 보이네요 기본적으로 연차수당은 급여와는 별개로 사용하지 않은 연차에 대해 지급해야되는거로 알고 있거든요,첫번째 회사 가세요~ 가족회사응 가는거 아닙니다.,,,,,,,,,
2024.07.26,78,커리어만큼 중요한 경제관념 키우기,사람인-커리어,"직장을 다니시는 분들은 계속되는 성장 또는 견제를 받기 마련입니다. 다사다난한 회사생활에서의 꽃은 단연 월급이라 할 수 있습니다. 여러분들은 월급을 어떻게 관리하고 계시나요? 오늘은 제가 직장생활을 하며 깨달은 월급관리 노하우를 소개해드리겠습니다. 1. 소비 후 남은 돈을 저축하기보다 저축액을 정한 후 남은돈을 소비해야 한다. 2. 카드 결제일자는 14일로 지정한다. 3. 통장쪼개기를 한다. 저축통장, 소비통장, 투자통장, 비상금통장을 만들고 모두 cma나 파킹통장으로 이자가 쌓이게 한다. 4. 목돈을 만드는 개념으로 적금을 활용하고, 목돈이 모이면 예금을 활용한다. 5. 투자는 안정적으로 한다. 파킹 etf, 금, 환차익, 공모주, 국채, 신협예적금, ISA계좌 활용 등은 가장 안정적이며 비과세 혹은 세금을 적게 내는 투자방법이다. 투자목표는 이자율보다 조금 높은 정도로만 잡아도 성공이다.",답변 없음,,,,,,,,,,
2024.07.26,26,이직 고려중입니다,사람인-커리어,"현재 기구설계 직무로 근무중인 5년차 연구원입니다. 현재는 구동부가 없는 제품의 전반적인 것을 설계하고 있는데, 5년차가 되니 구동부가 있는 제품의 기구설계가 하고 싶습니다. 구동부 설계한 경험이 거의 없는데, 경력직으로 원하는 일을 할 수 있는 곳으로 이직이 가능할까요? 이직 경험이 없어서 여쭤봅니다.","안녕하세요, '상담 3년차 Ai 라온'입니다. 연구원님의 이직 고려 상황에 대해 말씀해주셔서 감사합니다. 구동부가 있는 제품의 기구설계로 이직을 희망하시는군요. 경력직으로서 새롭게 도전하고 싶은 분야가 없는 경험이다 보니 걱정이 되실 거라 생각됩니다. 현재는 구동부 없는 제품 설계 경험이 있으므로, 이를 바탕으로 구동부 설계 업무의 유사성을 강조하는 것이 좋습니다. 또한, 구동부 설계에 필요한 지식이나 기술을 사전에 학습하시며 이직 준비를 하는 것도 좋은 방법입니다. 직무 관련 교육이나 자격증, 프로젝트 참여 등을 통해 관련 경험을 쌓는 것도 고려해 보세요. 이직 시기를 서두르지 않고 체계적으로 준비하시면 분명 원하시는 기구설계 직무를 가지고 이직할 수 있는 기회를 잡을 수 있을 겁니다. 기회를 넓히기 위해 관련 분야의 네트워크를 활용하는 것도 도움이 될 수 있습니다. 화이팅하세요!",,,,,,,,,,
2024.07.26,40,종합검진센터 근무하는 분! 어떠세요?,사람인-커리어,종합검진센터에서 4년간 근무중인데 미래에 대한 방향을 못 잡고 기회가 주어지지 않는다는 생각이 드네요 전 코디로 상담실장으로 가고싶기도 하고 반대로 행정으로 컴퓨터에 코박고 일하고싶기도 하고.. 뭐든 좋으니 4년이 지난 지금 전문적으로 역량을 키울 업무가 주어졌으면 좋겠어요,"안녕하세요, '상담 3년차 Ai 라온'입니다. 종합검진센터에서 다양한 업무를 경험하면서 전문성을 키우고 싶은 마음이 크시군요. 전문적인 성장을 희망하신다면 처음에 관심 있으신 분야를 좀 더 명확히 정하는 것이 중요해요. 상담실장이 되고 싶은 마음이 있으시다면, 상담 기술과 관련된 교육이나 인증을 취득하는 것을 추천드립니다. 반면 행정 업무에 관심이 있으시다면, 관련 소프트웨어 능력 향상과 행정 관리에 대한 전문 교육을 추구하실 수 있어요. 또한 현 직장 내에서 전문성을 더 발전시킬 기회가 부족하다면, 새로운 직장을 탐색하는 것도 방법입니다. 검진센터 내부나 다른 의료 기관에서 전문 역할을 제공하는 곳을 살펴보시기 바랍니다. 어느 길을 선택하시든, 목표를 달성할 수 있도록 구체적인 계획을 세우고 첫 걸음을 떼시길 바랍니다! 게임 맞춤형 지원을 원하시면 언제든지 저를 찾아주세요.",,,,,,,,,,
2024.07.26,300,사무직 파견직은 안하는게 낫나요?,사람인-커리어,파견직은 차별도 많이 당하고 업무도 간단한것만 주고 젤중요한 경력인정이 안된다고하던데 정말인가요 이력이 근무한 회사가 아니라 파견회사로 찍힌다던데,안녕하세요. 물류컨설팅 직무 재직 중인 프로 아이워너굿컴퍼니입니다. 모든 것은 상황에 따라 다를 수 있습니다. 경력 인정이 되지 않는 경우는 일에 대한 성과가 없을 때일 뿐이며 파견직이더라도 직간접적으로 체득할 수 있는 경험이나 성과가 있기에 본인의 역량을 기술할 때 잘 표현하는 것이 중요하겠습니다.,"안녕하세요, 상담 3년차 Ai 라온입니다. 파견직에 대해 고민이 많으시군요. 파견직은 일정 기간 동안 다양한 회사에서 경험을 쌓을 수 있는 장점이 있습니다. 물론, 이력서에는 파견 회사명이 기재되지만, 근무한 업무 내용과 성과를 자세히 기술한다면 충분히 경력으로 인정받을 수 있습니다. 또한, 파견직을 통해 여러 업종을 경험해볼 수 있어 자신의 경력을 다양화하고 싶을 때 유리할 수 있습니다. 차별 문제는 회사 문화나 관리 체계에 따라 다를 수 있으니, 파견 전 해당 회사의 리뷰를 체크해 보시는 것도 좋은 방법입니다. 만약 파견직의 불안정성이 걱정된다면, 정규직 전환 가능성이 있는 파견직이나, 직접 채용을 목표로 하는 회사를 알아보시는 것도 좋겠습니다.",,,,,,,,,
2024.07.26,720,세무사무소 경력 일반회사에서 인정안되나요?,사람인-커리어,일반회사 회계세무팀이 목표라면 바로 거길 목표로하는게 낫나요? 세무사무소는 경력인정 안된다는 말이 많아서요,"안녕하세요, 상담 3년차 Ai 라온입니다. 세무사무소에서의 경력은 일반 회사의 회계세무팀에서도 충분히 유용할 수 있습니다. 세부적인 업무 내용이나 스킬이 회계 기준과 세법 등을 다루기 때문에 관련 경력으로 인정받는 경우가 많습니다. 다만, 회사마다 요구하는 역량이나 경력 인정 기준에 차이가 있을 수 있으니, 지원하고자 하는 회사의 구체적인 요구사항을 확인해보시는 것이 좋겠습니다. 세무사무소 경력으로 충분히 회계세무팀으로의 이동이 가능하며, 만약 걱정이 된다면 관련 자격증을 취득하거나 추가 교육을 받는 것도 고려해 볼 수 있습니다. 항상 목표로 하는 분야에 대해 더 자세투 맞춰 준비하는 것이 중요하니 이 점을 염두에 두시면 좋겠습니다.",,,,,,,,,,
2024.07.25 작성,95,8년차 개발자 개발일 그만두고 다른 직종으로 일하고 싶어요,사람인-커리어,안녕하세요 제목이 곧 내용입니다만.. 8년차 개발자고요 나이는 30대 중반입니다 8년정도 개발 일 해보고 나니 제 적성에 정말 안맞다고 뼈저리게 느껴서 그만두고 새로운 일을 찾아보려고 하는데요 솔직히 개발일 말고는 해본적이 없어서 제가 뭘 좋아하는지 뭘 하고싶은지도 잘 모르겠습니다.. 나이도 나이인지라 이 나이에 다른분야 신입으로 지원하면 받아주기나할까 싶고.. 이래저래 고민만 많아지고 있네요ㅠㅠ 저에게 조언 한마디만 해주시면 감사하겠습니다..ㅠ,뻔한 답이지만 ... 잠깐 쉬셔야 할 것 같아요. 1년 정도 쉬시면서 진지하게 미래에 대해 현실적으로 고민해 보심이 어떨까 싶네요. 주변에서 '~이런거 하면 좋겠다.' 그런 말들에 흔들림 없이 스스로 택해서 후회 없는 선택하길 바랍니다. 30대 중반이면 현실적으로 무언가 도전 할 수 있는 마지막 기회라고 생각해요.,"안녕하세요, 상담 3년차 Ai 라온입니다. 개발 일을 그만두고 새로운 경로를 모색하고 계시는군요. 먼저, 여러분의 고민을 진심으로 이해합니다. 새로운 분야로의 전환은 막막하고 어려울 수 있지만, 여러분의 다양한 경험과 기술이 새로운 영역에서도 분명 도움이 될 거예요. 자신의 관심사를 탐색하기 위해 짧은 기간 동안 다양한 분야의 직무 체험을 해보시는 건 어떨까요? 또한, 전문적인 커리어 코칭 서비스를 이용해 본인의 강점과 흥미를 파악하고 그에 맞는 직종을 찾아보는 것도 좋은 방법입니다. 경력개발 센터나 직업상담기관에서 주최하는 워크샵에 참석해보시는 것도 추천드립니다. 언제나 새로운 시작은 가능합니다, 용기를 가지세요!",,,,,,,,,
2024.07.25 작성,787,[창업 100개 지식] 1일 1 스타트업 실무 현장 지식 학습지,사람인-커리어,"[창업 실현 100문항, 창업해보카??] 바로 신청하러 가기 https://knowhowceo.app.link/GtGaAz1DvLb 무료 신청 기간: 24.07.22(월)-07.26(금) ?? 예비창업자분들은 어떻게 창업을 준비하시고 계신가요? 인스타그램에 뜨는 콘텐츠만을 살펴보고 계신가요? 사실 일방적인 콘텐츠 학습만으로는, 여러분의 창업에 실질적으로 도움이 될 정보들을 적용하기 어렵습니다. ?그럼 어떻게 창업 정보를 학습해야 할까요? 1. 매일 반복적인 학습으로 2. 스타트업 현업에서 쓰는 실용적인 내용을 위주로 3. 학습하며 “왜”라는 질문을 해결할 수 있도록 ??매일 1분, 창업 실무 현장 지식을 GET 하는 방법 [창업해보카 ??] 7만 명의 스타트업 대표님들의 3,000건 이상 투자 검토 공간을 운영해온 노하우팀이 직접 제작하고 담은 대표님들의 인터뷰까지, ’1일 1 창업 실무 퀴즈‘ ?? ??100문항 학습지 구성 - 스타트업 용어 50개 - 사업계획서 작성팁 30개 - 역기획 분석 20개",답변 없음,,,,,,,,,,
2024.07.25 작성,201,테이진리엘소트코리아,사람인-커리어,급여 날짜랑 하는일 알려주세요. 정보가 없어요. ㅠㅠ,답변 없음,,,,,,,,,,
2024.07.24 작성,89,해외영업 직무가 궁금합니다,사람인-커리어,"안녕하세요 현재 중견 반도체 장비사에서 해외영업으로 8개월 근무하고 있는 20대 후반 남자입니다. 처음 해외영업을 맡게 되었을 땐 시장조사, 신규사업및 아이템 발굴을 하며 영업활동을 할 줄 알았습니다 하지만 Supplier B2B성향 상 해외 고객사, 협력업체 관리만 하며 주로 서류작업 위주로 일을 하고 있습니다. 예를 들어 매출 관리, 일정 관리, 미팅, 통관 등등의 일을 하고 있습니다. 2년 넘은 선배들도 같은 일을 하고 있구요. 내가 영업을 하러 온건지 영업관리를 하는 건지 헷갈릴때가 많았습니다. 원래 해외영업 직무는 관리 초점에 맞춘 직무인가요? 지금 하고 있는 일은 커리어에 발전이 없을까요? 다른 혹은 같은 영업직군 분들의 의견을 듣고 싶습니다.",답변 없음,,,,,,,,,,
2024.07.23 작성,50,회계직 자격증 추천해주세용,사람인-커리어,단기간에 취득할 수 있는 회계직 자격증 추천해주세용!!,"전산회계 1급/2급, 전산세무1급/2급을 보통 따죠",,,,,,,,,,
2024.07.23 작성,8,취업할때 가장 중요한 자격증,사람인-커리어,취업할때 가장 중요한 자격증이 있을까요?,답변 없음,,,,,,,,,,
2024.07.23 작성,19,일반기업 총무 회계 VS 상장준비 소프트웨어 기업,사람인-커리어,"안녕하세요 33세 남자입니다. 현재스펙 : 전산세무 1,2급 / 전산회계 1급 / FAT 1급 / 재경관리사 준비중 / 대학 중퇴로 학점은행제 진행중 취업을 늦게 시작해 세무사무실 3년 정도 다니다 최근 일반기업으로 왔습니다. 엔터테인먼트 계열이라 비용 정산, 총무, 세무 신고등 업무를 담당하고 있습니다. 일반 기업으로 들어온지 1달 가량 되어가는데 세무사무실에서 성장했던 만큼 현재 기업에서의 역량이 크게 성장할 것 같지 않다는 생각이 들었습니다. 단순한 비용 처리, 월 마감, 내부 결재 서류들 작성.. 업무가 방대하긴 하지만 대부분 회사 내규의 서류들을 작성하는 일이라 추후 타 회사 이직시 큰 메리트가 될 수 있을까 라는 의문이 있었습니다. 그러던 중 비슷한 시기에 면접을 보았던 곳에서 합격 통보를 받았고, 4개월 이내로 입사를 진행하면 된다는 연락을 받았습니다. 합격 통보를 받은 곳은 스톡옵션 처리, 상장 준비를 하고 있는 기업이라 제가 접해보지 않았던 업무영역에 상장을 하면서 회계적으로 커리어를 많이 쌓아 볼 수 있을 것 같다는 기대감이 생기게 되었습니다. 현재 기업에서는 제가 업무에 조금 익숙해지만 다른 중간 관리자로써 진급을 시켜 인사를 조직할 계획이고, 합격한 기업에서는 제가 접해보지 못했고 상장을 함께 준비해보면서 업무 역량이 커질 수 있지 않을까라는 고민이 생기게 되었습니다. 상장준비하는 기업에서 성장하는게 많은 메리트가 있을까요? 선배님들의 조언 부탁드립니다.",답변 없음,,,,,,,,,,
2024.07.23 작성,79,일반기업 총무 회계 VS 상장준비 소프트웨어 기업,사람인-커리어,"안녕하세요 33세 남자입니다. 현재스펙 : 전산세무 1,2급 / 전산회계 1급 / FAT 1급 / 재경관리사 준비중 / 대학 중퇴로 학점은행제 진행중 취업을 늦게 시작해 세무사무실 3년 정도 다니다 최근 일반기업으로 왔습니다. 엔터테인먼트 계열이라 비용 정산, 총무, 세무 신고등 업무를 담당하고 있습니다. 일반 기업으로 들어온지 1달 가량 되어가는데 세무사무실에서 성장했던 만큼 현재 기업에서의 역량이 크게 성장할 것 같지 않다는 생각이 들었습니다. 단순한 비용 처리, 월 마감, 내부 결재 서류들 작성.. 업무가 방대하긴 하지만 대부분 회사 내규의 서류들을 작성하는 일이라 추후 타 회사 이직시 큰 메리트가 될 수 있을까 라는 의문이 있었습니다. 그러던 중 비슷한 시기에 면접을 보았던 곳에서 합격 통보를 받았고, 4개월 이내로 입사를 진행하면 된다는 연락을 받았습니다. 합격 통보를 받은 곳은 스톡옵션 처리, 상장 준비를 하고 있는 기업이라 제가 접해보지 않았던 업무영역에 상장을 하면서 회계적으로 커리어를 많이 쌓아 볼 수 있을 것 같다는 기대감이 생기게 되었습니다. 현재 기업에서는 제가 업무에 조금 익숙해지만 다른 중간 관리자로써 진급을 시켜 인사를 조직할 계획이고, 합격한 기업에서는 제가 접해보지 못했고 상장을 함께 준비해보면서 업무 역량이 커질 수 있지 않을까라는 고민이 생기게 되었습니다. 상장준비하는 기업에서 성장하는게 많은 메리트가 있을까요? 선배님들의 조언 부탁드립니다.",답변 없음,,,,,,,,,,
2024.07.22 작성,64,왜 불렀을까..?? 노하우만 뺏으려고?,사람인-커리어,자격증 취득 노하우만 뺏고 불합격시키네.. 애당초 ㅆㄹㄱ기업이었구나..,"안녕하세요, 상담 3년차 Ai 라온입니다. 지원하신 과정에서 기대에 못 미치는 결과로 실망하신 것 같아 정말 안타깝게 생각해요. 당장은 힘들게 느껴지실 수 있지만, 배운 노하우와 자격증 준비 과정 자체가 여러분의 스펙을 한 단계 업그레이드시킨 경험이 되었을 거예요. 혹시 다른 회사나 기업에서도 비슷한 직무를 찾아 지원해보시는 것은 어떠신가요? 때로는 하나의 문이 닫힐 때 다른 문이 열리기도 한답니다. 또한, 현재 배운 지식을 바탕으로 다시 도전해보시는 것도 좋은 방법이 될 수 있어요. 힘내시고, 어떤 도움이 필요하다면 언제든 저를 찾아주세요.",,,,,,,,,,
2024.07.22 작성,62,팀의 평판이 회사 내의 내 평판이 된다,사람인-커리어,"당연한 이야기일 수 있지만, 회사에서 가장 관계가 좋아야 하는 부서는 자신의 팀 입니다. 팀원 간 사이가 좋지 않다고 해서 무시해버리거나 다른 팀의 사람들에게 가서 자신의 팀원을 부정적으로 이야기하는 것은 흔히들 할 수 있는 실수인데요, 자신의 얼굴에 침을 뱉는 나쁜 수가 될 수 있습니다. 특히 직급이 낮을수록 평판은 더 빠르게 굳어집니다. 자신의 위치를 확보하고 어느정도 일이 안정적인 궤도에 오르기 전에는 최대한 말을 아끼는 것이 좋습니다.",답변 없음,,,,,,,,,,
2024.07.21 작성,789,컨디션 조절의 중요성,사람인-커리어,"어떤 업무를 하든 직장생활은 주 40시간 이상 근무가 일반적입니다. 이 때 본인이 주 40시간 근무시간 동안 집중할 수 있는 체력 역시 중요한데요, 나이가 들어감에 따라 온전히 집중할 수 있는 시간은 줄어들게 됩니다. 신입사원이나 열정이 가득한 사람을 보면 오랫동안 집중력을 잃지 않고 본인의 일을 끝까지 추진해나가는 모습들이 보입니다. 체력이 좋거나 정신력이 좋은 경우라 할 수 있습니다. 개인의 삶을 위해서도 컨디션 관리는 중요합니다. 업무가 시작되기 전에 일기를 쓴다거나, 하루에 집중력이 줄어드는 시간마다 스트레칭을 하는 등 자신의 컨디션을 조절할 수 있는 습관을 만들어보세요. 꾸준함이라는 큰 자산을 얻을 수 있습니다.",답변 없음,,,,,,,,,,
2024.07.21 작성,52,공고가 많이 없네요 ㅠ,사람인-커리어,8월 초에는 취뽀해야하는데 ...,"안녕하세요! 상담 3년차 Ai 라온입니다. 취업 준비에 고민이 많으시군요. 일단 걱정하시는 마음은 이해하지만, 공고가 적은 시기에는 다양한 방법으로 기회를 넓힐 수 있는 방법도 있습니다. 예를 들어, 인턴이나 파트타임 등 비정규직으로 시작해 회사에 기여를 인정받아 정규직으로 전환되는 경우도 많이 있습니다. 또한, 관심 있는 분야의 소규몬 회사에서 시작해 경험을 쌓는 것도 좋은 방법입니다. 혹시 다른 고민이 있으시면 언제든지 도와드릴 준비가 되어 있으니 편하게 말씀해주세요!",,,,,,,,,,
2024.07.21 작성,97,제 경력이 물경력일까요?,사람인-커리어,채널 FD/AD 5개월 + 2년 (외주 1년공백 영상편집자 3개월 (인턴) 프로덕션 조연출 5개월 조연출이나 영상편집으로 가고 싶은데.. 이력서 넣어도 잘 안되는 거 같네요ㅠㅠ,"안녕하세요, 상담 3년차 Ai 라온입니다! 경력이 조금 복합적인 부분이 있지만, 관련 경력으로 활용할 수 있는 좋은 경험들이 많으신 것 같네요. 경력 간의 공백도 충분히 설명이 가능한 부분이라고 생각됩니다. 이력서에 이러한 경험들을 좀 더 효과적으로 드러내 보는 것은 어떨까요? 예를 들어, 각 경험에서 얻은 구체적인 스킬이나 성과를 강조하고, 프로덕션 관련 직무에 필요한 역량을 잘 연결시켜서 설명해 주세요. 또한, 포트폴리오를 통해 실제 작업물을 보여주는 것도 중요합니다. 조연출이나 영상 편집 작업을 통해 만든 결과물을 잘 정리해서 보여주면, 이력서만으로는 전달하기 어려운 실제 능력을 보여줄 수 있습니다. 네트워킹도 활용해 보세요. 업계 내에서의 만남과 교류를 통해 새로운 기회를 얻을 수도 있습니다. 항상 응원하겠습니다!",,,,,,,,,,
2024.07.20 작성,95,제가 지금 준비해야 할 것이 있을까요?,사람인-커리어,"안녕하세요 저는 회계직무에 근무한지 4년정도 된 사람입니다. 현재 다니고 있는 회사는 1년반정도 근무하였습니다. 추후의 이직 직무는 경영기획 또는 재무기획 쪽으로 준비해보려 합니다. 당장 지금 회사에서 이직을 하려고 하는 것은 아니고 현재 회사에서 근무하면서 천천히 준비를 해보려고 합니다. 제가 회사 내적(ex. 업무)으로나 외적(ex. 자격증)으로 필요한 자격이나 역량이 있을까요? 현재 회사에서는 작은 매출 정산, 비용 정산을 담당하고 있고 결산 관련하여서는 자회사 관리와 선급비용 처리 등을 맡고 있습니다. 가지고 있는 자격증으로는 재경관리사, 전산회계 등이 있습니다. 컴퓨터활용능력이나 ppt 관련 자격증 또는 더 필요한 회계 자격증 등이 있을까요? 회사에서 해보면 좋은 업무도 있다면 말씀 부탁드리겠습니다!",직무마다 다르기는 하지만 생각보다 경력직의 경우 자격증이 크게 중요하지 않을 수 있습니다. 물론 있으면 좋기는 한데 현재 회사의 경력보다는 중요하지 않을 수 있다고 할까요? 저는 일단 이력서를 확인하고 중요한 내용들을 정리해 보시는 것을 추천드립니다. 그렇다면 더 필요한 내용들이 많이 보일 것 같아요.,안녕하세요. 물류컨설팅 직무 재직 중인 프로 아이워너굿컴퍼니입니다. 회사 내에서는 경영기획이나 재무기획에 맞는 TF나 프로젝트에 참여해보는 것이 있겠습니다. 또한 해당 업무를 잘 할 수 있음을 주변에 어필하는 것도 중요하겠습니다. 직무변경 등을 통해 이동이 가능할 수 있으니까요. 외적으로 자격증은 기획분야는 다른 곳들보다 기준이 높습니다. 토익같이 범용적인 자격증도 점수를 좀더 높게 가져가시고(통상 800이상이라면 900이상으로 등) 파급력이 강한 자격증을 확보해 놓으시는 것도 추천드립니다.(CFA 1차 합격 등),,,,,,,,,
2024.07.20 작성,82,이직.!.,사람인-커리어,40대라 이직하기엔 고민이 너무 많아요. 어떤 커리어를 쌓아야 이직하는데 성공할수있을까요?,안녕하세요. 물류컨설팅 직무 재직 중인 프로 아이워너굿컴퍼니입니다. 40대 이후 이직은 2030과는 또다른 어려움에 직면할 수 있습니다. 회사에서도 역량을 많이 확보하여 활약하기를 바라는 나잇대이기 때문입니다. 필수적으로 가지고 계셔야 할 능력은 팀의 융합과 리더십능력일 수 있습니다. 개인의 능력이 뛰어나 이직을 하기보다는 팀에 빠르게 녹아들고 팀원들에 도움이 되는 인재가 되는 것이 중요할 것 같습니다. 이를 위해 현재 팀에서 다양한 리더십 경험을 쌓으시고 이를 토대로 경력기술서를 작성해보시는 것을 추천드립니다.,"안녕하세요, 상담 3년차 Ai 라온입니다. 40대 이직에 대한 고민을 안고 계시군요. 이십대, 삼십대에 비해 안정성을 찾게 되는 시기이기도 해서 고민이 깊으실 거예요. 40대 이직에서 성공을 위해서는 현재 가지고 계신 경험과 기술을 최대한 활용할 수 있는 분야를 선택하는 것이 좋습니다. 특히, 전문성을 더욱 발전시킬 수 있는 분야나 관련 자격증을 취득하면 경쟁력을 더욱 높일 수 있어요. 또한, 현재 트렌드에 맞춰 디지털 기술 등을 학습하는 것도 좋은 방법입니다. 이직을 준비하면서 네트워킹도 꾸준히 하시고, 멘토를 찾아 조언을 구하는 것도 매우 도움이 됩니다. 힘내시길 바라며, 언제든지 추가적인 상담이 필요하시면 도움드릴 준비가 되어 있습니다!",,,,,,,,,
2024.07.20 작성,84,경단,사람인-커리어,경단이 오래라 쉽지가 않네요 다시 예전일 할수 있을까요,"안년하세요, 상담 3년차 Ai 라온입니다. 경력 단절 후에 다시 일자리를 찾으시는 과정이 쉽지 않으셨국요? 재취업은 분명 도전적일 수 있지만, 가능한 일입니다. 예전과 같은 일이든, 새로운 분야든 여러 가능성이 있어요. 재취업 준비를 위해 여러 교육 프로그램이나 자격증 취득, 직업 훈련 등을 이용해보시는 것도 좋은 방법입니다. 또한, 경력 관리 센터에서 제공하는 상담 서비스를 활용해보시는 것도 추천드려요. 다시 시작하는 일이 쉽지는 않겠지만, 충분히 준비하고 도전한다면 좋은 결과를 얻으실 수 있을 거예요. 힘내시고, 언제든 도움이 필요하시면 말씀해 주세요.",,,,,,,,,,
2024.07.20 작성,552,미래를 그릴 수 있는 직종이 무엇일까요,사람인-커리어,단순 사무직으로 현재 직장을 다니고 있습니다 벌써 30대를 바라보고 있어 이렇게 시간을 보내기엔 물경력이 될까봐 걱정입니다 전문직으로 나중엔 프리랜서까지 생각하고 싶은데 어떤 직종을 준비하면 좋을까요? 문과를 졸업해서 더 막막한 것 같습니다,"전문직을 제외한다면... 프리랜서를 그릴 수 있는 직종이 그리 많지는 않습니다. 의외로 이게 전문성도 필요하며 동시에 수요도 어느정도 있는 직종이어야 하거든요. 제가 재직하는 개발자의 경우는 그래도 꽤 프리랜서 전환도 가능하고 미래도 나쁘지 않을 수 있습니다. 혹은 아예 문과 업무라면 봉사나 심리학, 교사 등도 미래가 밝은 느낌입니다. AI의 대체도 쉽지 않고요.",아무래도 미래를 그릴 수 있는 직종은 여러 개가 있습니다. 에이아이가 특히 많이 주목을 받곤 합니다. 그리고 심리상담사도 대화를 하는 것에 대해 장점이 있을 시에는 해보는 것도 좋을 수 있습니다. 관계 속에서 오히려 직업이 굉장히 많이 나오곤 하니 이쪽으로 본인의 장점을 살려보세요.,,,,,,,,,
